-- Auto-generated Wendler cleanup SQL supabase/migrations/generate-wendler-data.py
-- DO NOT EDIT MANUALLY
CREATE OR REPLACE FUNCTION _system.cleanup_wendler () RETURNS void AS $$
BEGIN
    INSERT INTO public.wendler_program (id, user_id, name, notes) VALUES ('a7646726-3f73-46ff-9179-5926619855b8', '97097295-6eb1-4824-8bfa-8984cf9bea6b', 'Wendler Cycle 1', 'created by _system.cleanup_wendler()');
    INSERT INTO public.wendler_program (id, user_id, name, notes) VALUES ('28418113-7c3a-43a4-9928-c64124dccb70', '97097295-6eb1-4824-8bfa-8984cf9bea6b', 'Wendler Cycle 2', 'created by _system.cleanup_wendler()');
    INSERT INTO public.wendler_program (id, user_id, name, notes) VALUES ('612fb72d-d990-4192-bf27-5f1ea3b2234c', '97097295-6eb1-4824-8bfa-8984cf9bea6b', 'Wendler Cycle 3', 'created by _system.cleanup_wendler()');
    INSERT INTO public.wendler_program_cycle (id, wendler_program_id, user_id, cycle_type) VALUES ('99999087-73b9-4f80-b986-de519a17742e', 'a7646726-3f73-46ff-9179-5926619855b8', '97097295-6eb1-4824-8bfa-8984cf9bea6b', '5');
    INSERT INTO public.wendler_program_cycle (id, wendler_program_id, user_id, cycle_type) VALUES ('0384e479-2b29-4b55-86d5-a0984e8af1d8', 'a7646726-3f73-46ff-9179-5926619855b8', '97097295-6eb1-4824-8bfa-8984cf9bea6b', '3');
    INSERT INTO public.wendler_program_cycle (id, wendler_program_id, user_id, cycle_type) VALUES ('0b47d536-6ad0-43db-a08a-6669b002c94f', 'a7646726-3f73-46ff-9179-5926619855b8', '97097295-6eb1-4824-8bfa-8984cf9bea6b', '1');
    INSERT INTO public.wendler_program_cycle (id, wendler_program_id, user_id, cycle_type) VALUES ('18f62136-339b-42e2-b626-abc5c9b10cf8', '28418113-7c3a-43a4-9928-c64124dccb70', '97097295-6eb1-4824-8bfa-8984cf9bea6b', '5');
    INSERT INTO public.wendler_program_cycle (id, wendler_program_id, user_id, cycle_type) VALUES ('8041bc8e-e416-4b20-a550-272ca5e8c900', '28418113-7c3a-43a4-9928-c64124dccb70', '97097295-6eb1-4824-8bfa-8984cf9bea6b', '3');
    INSERT INTO public.wendler_program_cycle (id, wendler_program_id, user_id, cycle_type) VALUES ('334ffcaa-9614-4061-9d21-1454685fe2f7', '28418113-7c3a-43a4-9928-c64124dccb70', '97097295-6eb1-4824-8bfa-8984cf9bea6b', '1');
    INSERT INTO public.wendler_program_cycle (id, wendler_program_id, user_id, cycle_type) VALUES ('eb22b725-e69d-4d54-aaac-20813b2a70a8', '28418113-7c3a-43a4-9928-c64124dccb70', '97097295-6eb1-4824-8bfa-8984cf9bea6b', 'deload');
    INSERT INTO public.wendler_program_cycle (id, wendler_program_id, user_id, cycle_type) VALUES ('75499883-f23b-4cdb-87d3-8b26ef02f5c0', '612fb72d-d990-4192-bf27-5f1ea3b2234c', '97097295-6eb1-4824-8bfa-8984cf9bea6b', '5');
    INSERT INTO public.wendler_program_cycle (id, wendler_program_id, user_id, cycle_type) VALUES ('cd2df68e-c423-490d-a4e5-cc8fb3085d8b', '612fb72d-d990-4192-bf27-5f1ea3b2234c', '97097295-6eb1-4824-8bfa-8984cf9bea6b', '3');
    INSERT INTO public.wendler_program_cycle (id, wendler_program_id, user_id, cycle_type) VALUES ('52ef8198-d30a-407f-b87f-8ab3aa3f1b51', '612fb72d-d990-4192-bf27-5f1ea3b2234c', '97097295-6eb1-4824-8bfa-8984cf9bea6b', '1');
    INSERT INTO public.wendler_program_cycle (id, wendler_program_id, user_id, cycle_type) VALUES ('5ab7b045-2088-4f7c-9447-3a83e0eb3c0f', '612fb72d-d990-4192-bf27-5f1ea3b2234c', '97097295-6eb1-4824-8bfa-8984cf9bea6b', 'deload');
    INSERT INTO public.wendler_program_cycle_movement (id, wendler_program_cycle_id, user_id, exercise_type, training_max_value, increase_amount_value, weight_unit, block_id) VALUES ('fb0f9b20-edf3-4db3-a227-e240abfcd717', '99999087-73b9-4f80-b986-de519a17742e', '97097295-6eb1-4824-8bfa-8984cf9bea6b', 'barbell_deadlift', 0, 0, 'pounds', (SELECT id FROM public.exercise_block WHERE user_id = '97097295-6eb1-4824-8bfa-8984cf9bea6b' AND exercise_type = 'barbell_deadlift' AND started_at = '2025-05-09 23:46:59.395000'));
    INSERT INTO public.wendler_program_cycle_movement (id, wendler_program_cycle_id, user_id, exercise_type, training_max_value, increase_amount_value, weight_unit, block_id) VALUES ('9605d95b-c0b1-4356-86ee-6d6d40255a26', '99999087-73b9-4f80-b986-de519a17742e', '97097295-6eb1-4824-8bfa-8984cf9bea6b', 'barbell_back_squat', 0, 0, 'pounds', (SELECT id FROM public.exercise_block WHERE user_id = '97097295-6eb1-4824-8bfa-8984cf9bea6b' AND exercise_type = 'barbell_back_squat' AND started_at = '2025-05-11 17:07:14.227000'));
    INSERT INTO public.wendler_program_cycle_movement (id, wendler_program_cycle_id, user_id, exercise_type, training_max_value, increase_amount_value, weight_unit, block_id) VALUES ('6211e5f0-4557-4219-8e85-f808f960da4f', '99999087-73b9-4f80-b986-de519a17742e', '97097295-6eb1-4824-8bfa-8984cf9bea6b', 'barbell_bench_press', 0, 0, 'pounds', (SELECT id FROM public.exercise_block WHERE user_id = '97097295-6eb1-4824-8bfa-8984cf9bea6b' AND exercise_type = 'barbell_bench_press' AND started_at = '2025-05-13 23:53:17.547000'));
    INSERT INTO public.wendler_program_cycle_movement (id, wendler_program_cycle_id, user_id, exercise_type, training_max_value, increase_amount_value, weight_unit, block_id) VALUES ('80099eb7-dfb8-4af0-9e5c-9aedf8dd1f10', '99999087-73b9-4f80-b986-de519a17742e', '97097295-6eb1-4824-8bfa-8984cf9bea6b', 'barbell_overhead_press', 0, 0, 'pounds', (SELECT id FROM public.exercise_block WHERE user_id = '97097295-6eb1-4824-8bfa-8984cf9bea6b' AND exercise_type = 'barbell_overhead_press' AND started_at = '2025-05-14 00:13:57.153000'));
    INSERT INTO public.wendler_program_cycle_movement (id, wendler_program_cycle_id, user_id, exercise_type, training_max_value, increase_amount_value, weight_unit, block_id) VALUES ('374ab0d5-b250-4566-b0ad-c2aa5deed5ce', '0384e479-2b29-4b55-86d5-a0984e8af1d8', '97097295-6eb1-4824-8bfa-8984cf9bea6b', 'barbell_bench_press', 0, 0, 'pounds', (SELECT id FROM public.exercise_block WHERE user_id = '97097295-6eb1-4824-8bfa-8984cf9bea6b' AND exercise_type = 'barbell_bench_press' AND started_at = '2025-05-19 23:42:43.014000'));
    INSERT INTO public.wendler_program_cycle_movement (id, wendler_program_cycle_id, user_id, exercise_type, training_max_value, increase_amount_value, weight_unit, block_id) VALUES ('1ea86778-7fdd-41b7-ba77-12d7057163c7', '0384e479-2b29-4b55-86d5-a0984e8af1d8', '97097295-6eb1-4824-8bfa-8984cf9bea6b', 'barbell_overhead_press', 0, 0, 'pounds', (SELECT id FROM public.exercise_block WHERE user_id = '97097295-6eb1-4824-8bfa-8984cf9bea6b' AND exercise_type = 'barbell_overhead_press' AND started_at = '2025-05-19 23:59:32.481000'));
    INSERT INTO public.wendler_program_cycle_movement (id, wendler_program_cycle_id, user_id, exercise_type, training_max_value, increase_amount_value, weight_unit, block_id) VALUES ('017d98a0-e965-4780-a727-72c837c24454', '0384e479-2b29-4b55-86d5-a0984e8af1d8', '97097295-6eb1-4824-8bfa-8984cf9bea6b', 'barbell_back_squat', 0, 0, 'pounds', (SELECT id FROM public.exercise_block WHERE user_id = '97097295-6eb1-4824-8bfa-8984cf9bea6b' AND exercise_type = 'barbell_back_squat' AND started_at = '2025-05-20 23:54:43.830000'));
    INSERT INTO public.wendler_program_cycle_movement (id, wendler_program_cycle_id, user_id, exercise_type, training_max_value, increase_amount_value, weight_unit, block_id) VALUES ('45e6b418-8e64-4696-9817-6186a4d61ce7', '0384e479-2b29-4b55-86d5-a0984e8af1d8', '97097295-6eb1-4824-8bfa-8984cf9bea6b', 'barbell_deadlift', 0, 0, 'pounds', (SELECT id FROM public.exercise_block WHERE user_id = '97097295-6eb1-4824-8bfa-8984cf9bea6b' AND exercise_type = 'barbell_deadlift' AND started_at = '2025-05-23 23:51:48.438000'));
    INSERT INTO public.wendler_program_cycle_movement (id, wendler_program_cycle_id, user_id, exercise_type, training_max_value, increase_amount_value, weight_unit, block_id) VALUES ('79b6f757-ef9e-4b7d-aacc-366da2e14c78', '0b47d536-6ad0-43db-a08a-6669b002c94f', '97097295-6eb1-4824-8bfa-8984cf9bea6b', 'barbell_back_squat', 0, 0, 'pounds', (SELECT id FROM public.exercise_block WHERE user_id = '97097295-6eb1-4824-8bfa-8984cf9bea6b' AND exercise_type = 'barbell_back_squat' AND started_at = '2025-05-25 17:42:14.067000'));
    INSERT INTO public.wendler_program_cycle_movement (id, wendler_program_cycle_id, user_id, exercise_type, training_max_value, increase_amount_value, weight_unit, block_id) VALUES ('2a08a21c-d41e-4072-b809-a6749330b44c', '0b47d536-6ad0-43db-a08a-6669b002c94f', '97097295-6eb1-4824-8bfa-8984cf9bea6b', 'barbell_bench_press', 0, 0, 'pounds', (SELECT id FROM public.exercise_block WHERE user_id = '97097295-6eb1-4824-8bfa-8984cf9bea6b' AND exercise_type = 'barbell_bench_press' AND started_at = '2025-05-27 23:50:50.157000'));
    INSERT INTO public.wendler_program_cycle_movement (id, wendler_program_cycle_id, user_id, exercise_type, training_max_value, increase_amount_value, weight_unit, block_id) VALUES ('614a645f-f395-4e54-b601-0bf40e50615f', '0b47d536-6ad0-43db-a08a-6669b002c94f', '97097295-6eb1-4824-8bfa-8984cf9bea6b', 'barbell_overhead_press', 0, 0, 'pounds', (SELECT id FROM public.exercise_block WHERE user_id = '97097295-6eb1-4824-8bfa-8984cf9bea6b' AND exercise_type = 'barbell_overhead_press' AND started_at = '2025-05-28 00:13:20.828000'));
    INSERT INTO public.wendler_program_cycle_movement (id, wendler_program_cycle_id, user_id, exercise_type, training_max_value, increase_amount_value, weight_unit, block_id) VALUES ('180248a9-48cc-4bed-bef9-6b54896abe2c', '0b47d536-6ad0-43db-a08a-6669b002c94f', '97097295-6eb1-4824-8bfa-8984cf9bea6b', 'barbell_deadlift', 0, 0, 'pounds', (SELECT id FROM public.exercise_block WHERE user_id = '97097295-6eb1-4824-8bfa-8984cf9bea6b' AND exercise_type = 'barbell_deadlift' AND started_at = '2025-05-30 23:11:40.014000'));
    INSERT INTO public.wendler_program_cycle_movement (id, wendler_program_cycle_id, user_id, exercise_type, training_max_value, increase_amount_value, weight_unit, block_id) VALUES ('ab24439b-7381-4ff7-8c0b-69564f1c9cfc', '18f62136-339b-42e2-b626-abc5c9b10cf8', '97097295-6eb1-4824-8bfa-8984cf9bea6b', 'barbell_back_squat', 0, 0, 'pounds', (SELECT id FROM public.exercise_block WHERE user_id = '97097295-6eb1-4824-8bfa-8984cf9bea6b' AND exercise_type = 'barbell_back_squat' AND started_at = '2025-06-01 17:34:07.339000'));
    INSERT INTO public.wendler_program_cycle_movement (id, wendler_program_cycle_id, user_id, exercise_type, training_max_value, increase_amount_value, weight_unit, block_id) VALUES ('e05b957b-449b-4aab-9d4b-c55109dd50b8', '18f62136-339b-42e2-b626-abc5c9b10cf8', '97097295-6eb1-4824-8bfa-8984cf9bea6b', 'barbell_bench_press', 0, 0, 'pounds', (SELECT id FROM public.exercise_block WHERE user_id = '97097295-6eb1-4824-8bfa-8984cf9bea6b' AND exercise_type = 'barbell_bench_press' AND started_at = '2025-06-03 23:42:55.506000'));
    INSERT INTO public.wendler_program_cycle_movement (id, wendler_program_cycle_id, user_id, exercise_type, training_max_value, increase_amount_value, weight_unit, block_id) VALUES ('2bbe0f8b-9f2c-47c6-8d53-50e21c07dcb4', '18f62136-339b-42e2-b626-abc5c9b10cf8', '97097295-6eb1-4824-8bfa-8984cf9bea6b', 'barbell_overhead_press', 0, 0, 'pounds', (SELECT id FROM public.exercise_block WHERE user_id = '97097295-6eb1-4824-8bfa-8984cf9bea6b' AND exercise_type = 'barbell_overhead_press' AND started_at = '2025-06-04 00:00:58.645000'));
    INSERT INTO public.wendler_program_cycle_movement (id, wendler_program_cycle_id, user_id, exercise_type, training_max_value, increase_amount_value, weight_unit, block_id) VALUES ('eab98455-15b2-4541-a8bb-a451a7d57f36', '18f62136-339b-42e2-b626-abc5c9b10cf8', '97097295-6eb1-4824-8bfa-8984cf9bea6b', 'barbell_deadlift', 0, 0, 'pounds', (SELECT id FROM public.exercise_block WHERE user_id = '97097295-6eb1-4824-8bfa-8984cf9bea6b' AND exercise_type = 'barbell_deadlift' AND started_at = '2025-06-06 23:54:14.736000'));
    INSERT INTO public.wendler_program_cycle_movement (id, wendler_program_cycle_id, user_id, exercise_type, training_max_value, increase_amount_value, weight_unit, block_id) VALUES ('f5c1e59d-d12b-45af-b5db-488da07d4d65', '8041bc8e-e416-4b20-a550-272ca5e8c900', '97097295-6eb1-4824-8bfa-8984cf9bea6b', 'barbell_back_squat', 0, 0, 'pounds', (SELECT id FROM public.exercise_block WHERE user_id = '97097295-6eb1-4824-8bfa-8984cf9bea6b' AND exercise_type = 'barbell_back_squat' AND started_at = '2025-06-08 16:23:55.229000'));
    INSERT INTO public.wendler_program_cycle_movement (id, wendler_program_cycle_id, user_id, exercise_type, training_max_value, increase_amount_value, weight_unit, block_id) VALUES ('29af1ab3-290c-4d68-820a-b968bd15d48d', '8041bc8e-e416-4b20-a550-272ca5e8c900', '97097295-6eb1-4824-8bfa-8984cf9bea6b', 'barbell_bench_press', 0, 0, 'pounds', (SELECT id FROM public.exercise_block WHERE user_id = '97097295-6eb1-4824-8bfa-8984cf9bea6b' AND exercise_type = 'barbell_bench_press' AND started_at = '2025-06-10 23:55:47.622000'));
    INSERT INTO public.wendler_program_cycle_movement (id, wendler_program_cycle_id, user_id, exercise_type, training_max_value, increase_amount_value, weight_unit, block_id) VALUES ('769848ff-fdfe-472b-94fe-8922f731e410', '8041bc8e-e416-4b20-a550-272ca5e8c900', '97097295-6eb1-4824-8bfa-8984cf9bea6b', 'barbell_overhead_press', 0, 0, 'pounds', (SELECT id FROM public.exercise_block WHERE user_id = '97097295-6eb1-4824-8bfa-8984cf9bea6b' AND exercise_type = 'barbell_overhead_press' AND started_at = '2025-06-11 00:12:56.173000'));
    INSERT INTO public.wendler_program_cycle_movement (id, wendler_program_cycle_id, user_id, exercise_type, training_max_value, increase_amount_value, weight_unit, block_id) VALUES ('928b9f66-733d-4f87-b2c4-81b5f4063950', '8041bc8e-e416-4b20-a550-272ca5e8c900', '97097295-6eb1-4824-8bfa-8984cf9bea6b', 'barbell_deadlift', 0, 0, 'pounds', (SELECT id FROM public.exercise_block WHERE user_id = '97097295-6eb1-4824-8bfa-8984cf9bea6b' AND exercise_type = 'barbell_deadlift' AND started_at = '2025-06-14 16:29:01.905000'));
    INSERT INTO public.wendler_program_cycle_movement (id, wendler_program_cycle_id, user_id, exercise_type, training_max_value, increase_amount_value, weight_unit, block_id) VALUES ('ff9ccf69-129e-42b3-934e-a7a8592ca80a', '334ffcaa-9614-4061-9d21-1454685fe2f7', '97097295-6eb1-4824-8bfa-8984cf9bea6b', 'barbell_back_squat', 0, 0, 'pounds', (SELECT id FROM public.exercise_block WHERE user_id = '97097295-6eb1-4824-8bfa-8984cf9bea6b' AND exercise_type = 'barbell_back_squat' AND started_at = '2025-06-15 17:27:50.719000'));
    INSERT INTO public.wendler_program_cycle_movement (id, wendler_program_cycle_id, user_id, exercise_type, training_max_value, increase_amount_value, weight_unit, block_id) VALUES ('8619f6f2-88ca-4872-9f2a-2a555a1181dd', '334ffcaa-9614-4061-9d21-1454685fe2f7', '97097295-6eb1-4824-8bfa-8984cf9bea6b', 'barbell_bench_press', 0, 0, 'pounds', (SELECT id FROM public.exercise_block WHERE user_id = '97097295-6eb1-4824-8bfa-8984cf9bea6b' AND exercise_type = 'barbell_bench_press' AND started_at = '2025-06-17 23:52:53.230000'));
    INSERT INTO public.wendler_program_cycle_movement (id, wendler_program_cycle_id, user_id, exercise_type, training_max_value, increase_amount_value, weight_unit, block_id) VALUES ('a1b8577f-9f5b-421a-9bd8-57d945860cb1', '334ffcaa-9614-4061-9d21-1454685fe2f7', '97097295-6eb1-4824-8bfa-8984cf9bea6b', 'barbell_overhead_press', 0, 0, 'pounds', (SELECT id FROM public.exercise_block WHERE user_id = '97097295-6eb1-4824-8bfa-8984cf9bea6b' AND exercise_type = 'barbell_overhead_press' AND started_at = '2025-06-18 00:09:36.731000'));
    INSERT INTO public.wendler_program_cycle_movement (id, wendler_program_cycle_id, user_id, exercise_type, training_max_value, increase_amount_value, weight_unit, block_id) VALUES ('21431e91-9c87-40e3-9050-cb89c4472e67', '334ffcaa-9614-4061-9d21-1454685fe2f7', '97097295-6eb1-4824-8bfa-8984cf9bea6b', 'barbell_deadlift', 0, 0, 'pounds', (SELECT id FROM public.exercise_block WHERE user_id = '97097295-6eb1-4824-8bfa-8984cf9bea6b' AND exercise_type = 'barbell_deadlift' AND started_at = '2025-06-20 23:41:40.798000'));
    INSERT INTO public.wendler_program_cycle_movement (id, wendler_program_cycle_id, user_id, exercise_type, training_max_value, increase_amount_value, weight_unit, block_id) VALUES ('bb2137f7-e9be-44b1-8870-edc5f7fe2ef7', 'eb22b725-e69d-4d54-aaac-20813b2a70a8', '97097295-6eb1-4824-8bfa-8984cf9bea6b', 'barbell_back_squat', 0, 0, 'pounds', (SELECT id FROM public.exercise_block WHERE user_id = '97097295-6eb1-4824-8bfa-8984cf9bea6b' AND exercise_type = 'barbell_back_squat' AND started_at = '2025-06-22 16:34:10.207000'));
    INSERT INTO public.wendler_program_cycle_movement (id, wendler_program_cycle_id, user_id, exercise_type, training_max_value, increase_amount_value, weight_unit, block_id) VALUES ('4dbb5b4f-22bf-4bf0-b22e-16266cd685eb', 'eb22b725-e69d-4d54-aaac-20813b2a70a8', '97097295-6eb1-4824-8bfa-8984cf9bea6b', 'barbell_bench_press', 0, 0, 'pounds', (SELECT id FROM public.exercise_block WHERE user_id = '97097295-6eb1-4824-8bfa-8984cf9bea6b' AND exercise_type = 'barbell_bench_press' AND started_at = '2025-06-24 23:41:15.187000'));
    INSERT INTO public.wendler_program_cycle_movement (id, wendler_program_cycle_id, user_id, exercise_type, training_max_value, increase_amount_value, weight_unit, block_id) VALUES ('15dc2257-bbce-45a5-a123-f68b652a4c0e', 'eb22b725-e69d-4d54-aaac-20813b2a70a8', '97097295-6eb1-4824-8bfa-8984cf9bea6b', 'barbell_overhead_press', 0, 0, 'pounds', (SELECT id FROM public.exercise_block WHERE user_id = '97097295-6eb1-4824-8bfa-8984cf9bea6b' AND exercise_type = 'barbell_overhead_press' AND started_at = '2025-06-24 23:54:43.878000'));
    INSERT INTO public.wendler_program_cycle_movement (id, wendler_program_cycle_id, user_id, exercise_type, training_max_value, increase_amount_value, weight_unit, block_id) VALUES ('3ee9ed65-b757-421c-a5eb-8860085e74d7', 'eb22b725-e69d-4d54-aaac-20813b2a70a8', '97097295-6eb1-4824-8bfa-8984cf9bea6b', 'barbell_deadlift', 0, 0, 'pounds', (SELECT id FROM public.exercise_block WHERE user_id = '97097295-6eb1-4824-8bfa-8984cf9bea6b' AND exercise_type = 'barbell_deadlift' AND started_at = '2025-06-28 15:12:53.478000'));
    INSERT INTO public.wendler_program_cycle_movement (id, wendler_program_cycle_id, user_id, exercise_type, training_max_value, increase_amount_value, weight_unit, block_id) VALUES ('9ca55503-de59-4af3-a434-a676c6124f1a', '75499883-f23b-4cdb-87d3-8b26ef02f5c0', '97097295-6eb1-4824-8bfa-8984cf9bea6b', 'barbell_back_squat', 0, 0, 'pounds', (SELECT id FROM public.exercise_block WHERE user_id = '97097295-6eb1-4824-8bfa-8984cf9bea6b' AND exercise_type = 'barbell_back_squat' AND started_at = '2025-06-29 18:04:48.269000'));
    INSERT INTO public.wendler_program_cycle_movement (id, wendler_program_cycle_id, user_id, exercise_type, training_max_value, increase_amount_value, weight_unit, block_id) VALUES ('ba29546e-1911-4eff-a95f-bc5e1dbf0784', '75499883-f23b-4cdb-87d3-8b26ef02f5c0', '97097295-6eb1-4824-8bfa-8984cf9bea6b', 'barbell_bench_press', 0, 0, 'pounds', (SELECT id FROM public.exercise_block WHERE user_id = '97097295-6eb1-4824-8bfa-8984cf9bea6b' AND exercise_type = 'barbell_bench_press' AND started_at = '2025-07-03 23:31:39.847000'));
    INSERT INTO public.wendler_program_cycle_movement (id, wendler_program_cycle_id, user_id, exercise_type, training_max_value, increase_amount_value, weight_unit, block_id) VALUES ('9f100f9f-60c3-412c-b460-7e1a30bc0250', '75499883-f23b-4cdb-87d3-8b26ef02f5c0', '97097295-6eb1-4824-8bfa-8984cf9bea6b', 'barbell_overhead_press', 0, 0, 'pounds', (SELECT id FROM public.exercise_block WHERE user_id = '97097295-6eb1-4824-8bfa-8984cf9bea6b' AND exercise_type = 'barbell_overhead_press' AND started_at = '2025-07-03 23:51:40.302000'));
    INSERT INTO public.wendler_program_cycle_movement (id, wendler_program_cycle_id, user_id, exercise_type, training_max_value, increase_amount_value, weight_unit, block_id) VALUES ('e5783cdb-e2d4-42ad-abed-4fb746f66424', '75499883-f23b-4cdb-87d3-8b26ef02f5c0', '97097295-6eb1-4824-8bfa-8984cf9bea6b', 'barbell_deadlift', 0, 0, 'pounds', (SELECT id FROM public.exercise_block WHERE user_id = '97097295-6eb1-4824-8bfa-8984cf9bea6b' AND exercise_type = 'barbell_deadlift' AND started_at = '2025-07-10 23:48:56.600000'));
    INSERT INTO public.wendler_program_cycle_movement (id, wendler_program_cycle_id, user_id, exercise_type, training_max_value, increase_amount_value, weight_unit, block_id) VALUES ('0a80e4fc-e6ff-4a14-b319-83e6b654bfac', 'cd2df68e-c423-490d-a4e5-cc8fb3085d8b', '97097295-6eb1-4824-8bfa-8984cf9bea6b', 'barbell_back_squat', 0, 0, 'pounds', (SELECT id FROM public.exercise_block WHERE user_id = '97097295-6eb1-4824-8bfa-8984cf9bea6b' AND exercise_type = 'barbell_back_squat' AND started_at = '2025-07-13 23:25:34.762000'));
    INSERT INTO public.wendler_program_cycle_movement (id, wendler_program_cycle_id, user_id, exercise_type, training_max_value, increase_amount_value, weight_unit, block_id) VALUES ('a4ca2cf5-561e-4cef-843f-a782cee10a70', 'cd2df68e-c423-490d-a4e5-cc8fb3085d8b', '97097295-6eb1-4824-8bfa-8984cf9bea6b', 'barbell_bench_press', 0, 0, 'pounds', (SELECT id FROM public.exercise_block WHERE user_id = '97097295-6eb1-4824-8bfa-8984cf9bea6b' AND exercise_type = 'barbell_bench_press' AND started_at = '2025-07-15 23:45:17.397000'));
    INSERT INTO public.wendler_program_cycle_movement (id, wendler_program_cycle_id, user_id, exercise_type, training_max_value, increase_amount_value, weight_unit, block_id) VALUES ('59088053-951c-498c-b0a5-c18c38a50be3', 'cd2df68e-c423-490d-a4e5-cc8fb3085d8b', '97097295-6eb1-4824-8bfa-8984cf9bea6b', 'barbell_overhead_press', 0, 0, 'pounds', (SELECT id FROM public.exercise_block WHERE user_id = '97097295-6eb1-4824-8bfa-8984cf9bea6b' AND exercise_type = 'barbell_overhead_press' AND started_at = '2025-07-16 00:02:41.413000'));
    INSERT INTO public.wendler_program_cycle_movement (id, wendler_program_cycle_id, user_id, exercise_type, training_max_value, increase_amount_value, weight_unit, block_id) VALUES ('08882e1d-a786-4b43-836f-214d62f5e5b3', 'cd2df68e-c423-490d-a4e5-cc8fb3085d8b', '97097295-6eb1-4824-8bfa-8984cf9bea6b', 'barbell_deadlift', 0, 0, 'pounds', (SELECT id FROM public.exercise_block WHERE user_id = '97097295-6eb1-4824-8bfa-8984cf9bea6b' AND exercise_type = 'barbell_deadlift' AND started_at = '2025-07-17 23:42:31.725000'));
    INSERT INTO public.wendler_program_cycle_movement (id, wendler_program_cycle_id, user_id, exercise_type, training_max_value, increase_amount_value, weight_unit, block_id) VALUES ('e3a55fcb-705e-489c-948e-71e58327d737', '52ef8198-d30a-407f-b87f-8ab3aa3f1b51', '97097295-6eb1-4824-8bfa-8984cf9bea6b', 'barbell_back_squat', 0, 0, 'pounds', (SELECT id FROM public.exercise_block WHERE user_id = '97097295-6eb1-4824-8bfa-8984cf9bea6b' AND exercise_type = 'barbell_back_squat' AND started_at = '2025-07-20 15:48:46.545000'));
    INSERT INTO public.wendler_program_cycle_movement (id, wendler_program_cycle_id, user_id, exercise_type, training_max_value, increase_amount_value, weight_unit, block_id) VALUES ('16f89b3d-c565-4f12-87f7-54bc33c9b6b8', '52ef8198-d30a-407f-b87f-8ab3aa3f1b51', '97097295-6eb1-4824-8bfa-8984cf9bea6b', 'barbell_bench_press', 0, 0, 'pounds', (SELECT id FROM public.exercise_block WHERE user_id = '97097295-6eb1-4824-8bfa-8984cf9bea6b' AND exercise_type = 'barbell_bench_press' AND started_at = '2025-07-22 23:24:15.791000'));
    INSERT INTO public.wendler_program_cycle_movement (id, wendler_program_cycle_id, user_id, exercise_type, training_max_value, increase_amount_value, weight_unit, block_id) VALUES ('d5411b64-e799-47ea-91ac-352d5836ac41', '52ef8198-d30a-407f-b87f-8ab3aa3f1b51', '97097295-6eb1-4824-8bfa-8984cf9bea6b', 'barbell_overhead_press', 0, 0, 'pounds', (SELECT id FROM public.exercise_block WHERE user_id = '97097295-6eb1-4824-8bfa-8984cf9bea6b' AND exercise_type = 'barbell_overhead_press' AND started_at = '2025-07-22 23:44:52.706000'));
    INSERT INTO public.wendler_program_cycle_movement (id, wendler_program_cycle_id, user_id, exercise_type, training_max_value, increase_amount_value, weight_unit, block_id) VALUES ('c6a685f0-4483-4f2f-9e48-545985e73257', '52ef8198-d30a-407f-b87f-8ab3aa3f1b51', '97097295-6eb1-4824-8bfa-8984cf9bea6b', 'barbell_deadlift', 0, 0, 'pounds', (SELECT id FROM public.exercise_block WHERE user_id = '97097295-6eb1-4824-8bfa-8984cf9bea6b' AND exercise_type = 'barbell_deadlift' AND started_at = '2025-07-26 00:05:07.342000'));
    INSERT INTO public.wendler_program_cycle_movement (id, wendler_program_cycle_id, user_id, exercise_type, training_max_value, increase_amount_value, weight_unit, block_id) VALUES ('5ec92f32-1981-4eb5-a60e-4965d4fbd02e', '5ab7b045-2088-4f7c-9447-3a83e0eb3c0f', '97097295-6eb1-4824-8bfa-8984cf9bea6b', 'barbell_back_squat', 0, 0, 'pounds', (SELECT id FROM public.exercise_block WHERE user_id = '97097295-6eb1-4824-8bfa-8984cf9bea6b' AND exercise_type = 'barbell_back_squat' AND started_at = '2025-07-27 17:29:05.835000'));
    INSERT INTO public.wendler_program_cycle_movement (id, wendler_program_cycle_id, user_id, exercise_type, training_max_value, increase_amount_value, weight_unit, block_id) VALUES ('bb55fa07-7c7f-4cc2-a344-311690e35034', '5ab7b045-2088-4f7c-9447-3a83e0eb3c0f', '97097295-6eb1-4824-8bfa-8984cf9bea6b', 'barbell_overhead_press', 0, 0, 'pounds', (SELECT id FROM public.exercise_block WHERE user_id = '97097295-6eb1-4824-8bfa-8984cf9bea6b' AND exercise_type = 'barbell_overhead_press' AND started_at = '2025-07-29 23:49:45.272000'));
    INSERT INTO public.wendler_program_cycle_movement (id, wendler_program_cycle_id, user_id, exercise_type, training_max_value, increase_amount_value, weight_unit, block_id) VALUES ('e46e2379-ce30-42f9-891d-b5504845ac0f', '5ab7b045-2088-4f7c-9447-3a83e0eb3c0f', '97097295-6eb1-4824-8bfa-8984cf9bea6b', 'barbell_bench_press', 0, 0, 'pounds', (SELECT id FROM public.exercise_block WHERE user_id = '97097295-6eb1-4824-8bfa-8984cf9bea6b' AND exercise_type = 'barbell_bench_press' AND started_at = '2025-07-30 00:05:55.542000'));
END;
$$ LANGUAGE plpgsql;
