-- Auto-generated Wendler cleanup SQL supabase/migrations/generate-wendler-data.py
-- DO NOT EDIT MANUALLY
CREATE OR REPLACE FUNCTION _system.cleanup_wendler () RETURNS void AS $$
BEGIN
    INSERT INTO public.wendler_program (id, user_id, name, started_at, notes) VALUES ('78f8a3ab-7d37-448c-a04a-71e078814c8e', '97097295-6eb1-4824-8bfa-8984cf9bea6b', 'Wendler Cycle 1', NULL, 'created by _system.cleanup_wendler()');
    INSERT INTO public.wendler_program (id, user_id, name, started_at, notes) VALUES ('199ae2a1-2531-4054-81e0-8fac1cd144a9', '97097295-6eb1-4824-8bfa-8984cf9bea6b', 'Wendler Cycle 2', NULL, 'created by _system.cleanup_wendler()');
    INSERT INTO public.wendler_program (id, user_id, name, started_at, notes) VALUES ('77c8233e-9006-43c1-b24e-9cdbf3eabc24', '97097295-6eb1-4824-8bfa-8984cf9bea6b', 'Wendler Cycle 3', NULL, 'created by _system.cleanup_wendler()');
    INSERT INTO public.wendler_program_movement (id, wendler_program_id, user_id, exercise_type, training_max_value, increase_amount_value, weight_unit) VALUES ('1b817747-699f-4a5a-9e1d-dfb46b16729b', '78f8a3ab-7d37-448c-a04a-71e078814c8e', '97097295-6eb1-4824-8bfa-8984cf9bea6b', 'barbell_deadlift', 0, 0, 'pounds');
    INSERT INTO public.wendler_program_movement (id, wendler_program_id, user_id, exercise_type, training_max_value, increase_amount_value, weight_unit) VALUES ('c7070a82-45c2-422d-a4c7-2f752b3b0268', '199ae2a1-2531-4054-81e0-8fac1cd144a9', '97097295-6eb1-4824-8bfa-8984cf9bea6b', 'barbell_deadlift', 0, 0, 'pounds');
    INSERT INTO public.wendler_program_movement (id, wendler_program_id, user_id, exercise_type, training_max_value, increase_amount_value, weight_unit) VALUES ('47e890d8-a373-4487-95b0-6a74b671f06f', '77c8233e-9006-43c1-b24e-9cdbf3eabc24', '97097295-6eb1-4824-8bfa-8984cf9bea6b', 'barbell_deadlift', 0, 0, 'pounds');
    INSERT INTO public.wendler_program_movement (id, wendler_program_id, user_id, exercise_type, training_max_value, increase_amount_value, weight_unit) VALUES ('a053e19d-5dcc-412f-bc3c-ffed9072ef7c', '78f8a3ab-7d37-448c-a04a-71e078814c8e', '97097295-6eb1-4824-8bfa-8984cf9bea6b', 'barbell_back_squat', 0, 0, 'pounds');
    INSERT INTO public.wendler_program_movement (id, wendler_program_id, user_id, exercise_type, training_max_value, increase_amount_value, weight_unit) VALUES ('15cd68ce-af3f-4734-a16d-044ec14943bc', '199ae2a1-2531-4054-81e0-8fac1cd144a9', '97097295-6eb1-4824-8bfa-8984cf9bea6b', 'barbell_back_squat', 0, 0, 'pounds');
    INSERT INTO public.wendler_program_movement (id, wendler_program_id, user_id, exercise_type, training_max_value, increase_amount_value, weight_unit) VALUES ('7ed235ff-cbbf-4605-a261-b468bb8d6dc4', '77c8233e-9006-43c1-b24e-9cdbf3eabc24', '97097295-6eb1-4824-8bfa-8984cf9bea6b', 'barbell_back_squat', 0, 0, 'pounds');
    INSERT INTO public.wendler_program_movement (id, wendler_program_id, user_id, exercise_type, training_max_value, increase_amount_value, weight_unit) VALUES ('ba0913a8-44e5-4210-b4a4-cffe0104c80c', '78f8a3ab-7d37-448c-a04a-71e078814c8e', '97097295-6eb1-4824-8bfa-8984cf9bea6b', 'barbell_bench_press', 0, 0, 'pounds');
    INSERT INTO public.wendler_program_movement (id, wendler_program_id, user_id, exercise_type, training_max_value, increase_amount_value, weight_unit) VALUES ('b28ce91d-6121-49ac-bfbc-9d04ad863a06', '199ae2a1-2531-4054-81e0-8fac1cd144a9', '97097295-6eb1-4824-8bfa-8984cf9bea6b', 'barbell_bench_press', 0, 0, 'pounds');
    INSERT INTO public.wendler_program_movement (id, wendler_program_id, user_id, exercise_type, training_max_value, increase_amount_value, weight_unit) VALUES ('0213cf8c-153f-423f-9c62-4ae6ca0b900a', '77c8233e-9006-43c1-b24e-9cdbf3eabc24', '97097295-6eb1-4824-8bfa-8984cf9bea6b', 'barbell_bench_press', 0, 0, 'pounds');
    INSERT INTO public.wendler_program_movement (id, wendler_program_id, user_id, exercise_type, training_max_value, increase_amount_value, weight_unit) VALUES ('e94b46da-1303-4812-aedd-7ab1523ce304', '78f8a3ab-7d37-448c-a04a-71e078814c8e', '97097295-6eb1-4824-8bfa-8984cf9bea6b', 'barbell_overhead_press', 0, 0, 'pounds');
    INSERT INTO public.wendler_program_movement (id, wendler_program_id, user_id, exercise_type, training_max_value, increase_amount_value, weight_unit) VALUES ('40c88c63-b459-446b-bd8b-d6241dcfd2c7', '199ae2a1-2531-4054-81e0-8fac1cd144a9', '97097295-6eb1-4824-8bfa-8984cf9bea6b', 'barbell_overhead_press', 0, 0, 'pounds');
    INSERT INTO public.wendler_program_movement (id, wendler_program_id, user_id, exercise_type, training_max_value, increase_amount_value, weight_unit) VALUES ('654da00e-80d4-4f82-8ad8-6e9df719a40d', '77c8233e-9006-43c1-b24e-9cdbf3eabc24', '97097295-6eb1-4824-8bfa-8984cf9bea6b', 'barbell_overhead_press', 0, 0, 'pounds');
    INSERT INTO public.wendler_program_movement_block (id, movement_id, block_id, cycle_type) VALUES ('30677eb4-20e0-4692-9b92-3a3fb4b0bafc', '1b817747-699f-4a5a-9e1d-dfb46b16729b', (SELECT id FROM public.exercise_block WHERE user_id = '97097295-6eb1-4824-8bfa-8984cf9bea6b' AND exercise_type = 'barbell_deadlift' AND started_at = '2025-05-09 23:46:59.395000'), '5');
    INSERT INTO public.wendler_program_movement_block (id, movement_id, block_id, cycle_type) VALUES ('b0a6861c-7f10-45ec-9f5b-ac2901bc2776', '1b817747-699f-4a5a-9e1d-dfb46b16729b', (SELECT id FROM public.exercise_block WHERE user_id = '97097295-6eb1-4824-8bfa-8984cf9bea6b' AND exercise_type = 'barbell_deadlift' AND started_at = '2025-05-23 23:51:48.438000'), '3');
    INSERT INTO public.wendler_program_movement_block (id, movement_id, block_id, cycle_type) VALUES ('3e0b601a-35b4-44f4-9e49-5e42c47acb90', '1b817747-699f-4a5a-9e1d-dfb46b16729b', (SELECT id FROM public.exercise_block WHERE user_id = '97097295-6eb1-4824-8bfa-8984cf9bea6b' AND exercise_type = 'barbell_deadlift' AND started_at = '2025-05-30 23:11:40.014000'), '1');
    INSERT INTO public.wendler_program_movement_block (id, movement_id, block_id, cycle_type) VALUES ('94f3a1a4-0817-42e3-9bc6-028f5f1befeb', 'c7070a82-45c2-422d-a4c7-2f752b3b0268', (SELECT id FROM public.exercise_block WHERE user_id = '97097295-6eb1-4824-8bfa-8984cf9bea6b' AND exercise_type = 'barbell_deadlift' AND started_at = '2025-06-06 23:54:14.736000'), '5');
    INSERT INTO public.wendler_program_movement_block (id, movement_id, block_id, cycle_type) VALUES ('57a8d88a-840c-40ab-b36b-4034d720eeb2', 'c7070a82-45c2-422d-a4c7-2f752b3b0268', (SELECT id FROM public.exercise_block WHERE user_id = '97097295-6eb1-4824-8bfa-8984cf9bea6b' AND exercise_type = 'barbell_deadlift' AND started_at = '2025-06-14 16:29:01.905000'), '3');
    INSERT INTO public.wendler_program_movement_block (id, movement_id, block_id, cycle_type) VALUES ('3e76e32d-acd8-407c-a859-e11a1a691b9e', 'c7070a82-45c2-422d-a4c7-2f752b3b0268', (SELECT id FROM public.exercise_block WHERE user_id = '97097295-6eb1-4824-8bfa-8984cf9bea6b' AND exercise_type = 'barbell_deadlift' AND started_at = '2025-06-20 23:41:40.798000'), '1');
    INSERT INTO public.wendler_program_movement_block (id, movement_id, block_id, cycle_type) VALUES ('a9f408fc-d116-4800-99a3-6602f26a1334', 'c7070a82-45c2-422d-a4c7-2f752b3b0268', (SELECT id FROM public.exercise_block WHERE user_id = '97097295-6eb1-4824-8bfa-8984cf9bea6b' AND exercise_type = 'barbell_deadlift' AND started_at = '2025-06-28 15:12:53.478000'), 'deload');
    INSERT INTO public.wendler_program_movement_block (id, movement_id, block_id, cycle_type) VALUES ('208a6157-de2f-43ec-9048-bfb811a64201', '47e890d8-a373-4487-95b0-6a74b671f06f', (SELECT id FROM public.exercise_block WHERE user_id = '97097295-6eb1-4824-8bfa-8984cf9bea6b' AND exercise_type = 'barbell_deadlift' AND started_at = '2025-07-10 23:48:56.600000'), '5');
    INSERT INTO public.wendler_program_movement_block (id, movement_id, block_id, cycle_type) VALUES ('cef541ea-c01b-4174-86ee-aa9c50ca08b3', '47e890d8-a373-4487-95b0-6a74b671f06f', (SELECT id FROM public.exercise_block WHERE user_id = '97097295-6eb1-4824-8bfa-8984cf9bea6b' AND exercise_type = 'barbell_deadlift' AND started_at = '2025-07-17 23:42:31.725000'), '3');
    INSERT INTO public.wendler_program_movement_block (id, movement_id, block_id, cycle_type) VALUES ('d569e8eb-4ebf-4489-b92f-d26a981edae4', '47e890d8-a373-4487-95b0-6a74b671f06f', (SELECT id FROM public.exercise_block WHERE user_id = '97097295-6eb1-4824-8bfa-8984cf9bea6b' AND exercise_type = 'barbell_deadlift' AND started_at = '2025-07-26 00:05:07.342000'), '1');
    INSERT INTO public.wendler_program_movement_block (id, movement_id, block_id, cycle_type) VALUES ('aaf75a41-8652-4ebf-83fb-edb5d59ff632', 'a053e19d-5dcc-412f-bc3c-ffed9072ef7c', (SELECT id FROM public.exercise_block WHERE user_id = '97097295-6eb1-4824-8bfa-8984cf9bea6b' AND exercise_type = 'barbell_back_squat' AND started_at = '2025-05-11 17:07:14.227000'), '5');
    INSERT INTO public.wendler_program_movement_block (id, movement_id, block_id, cycle_type) VALUES ('1903f12f-d885-4e24-8dc9-748cf2e0c405', 'a053e19d-5dcc-412f-bc3c-ffed9072ef7c', (SELECT id FROM public.exercise_block WHERE user_id = '97097295-6eb1-4824-8bfa-8984cf9bea6b' AND exercise_type = 'barbell_back_squat' AND started_at = '2025-05-20 23:54:43.830000'), '3');
    INSERT INTO public.wendler_program_movement_block (id, movement_id, block_id, cycle_type) VALUES ('bc084c4c-84c4-4c34-8642-011ef0726306', 'a053e19d-5dcc-412f-bc3c-ffed9072ef7c', (SELECT id FROM public.exercise_block WHERE user_id = '97097295-6eb1-4824-8bfa-8984cf9bea6b' AND exercise_type = 'barbell_back_squat' AND started_at = '2025-05-25 17:42:14.067000'), '1');
    INSERT INTO public.wendler_program_movement_block (id, movement_id, block_id, cycle_type) VALUES ('11814f2f-8c15-4f79-bf80-14063e09e236', '15cd68ce-af3f-4734-a16d-044ec14943bc', (SELECT id FROM public.exercise_block WHERE user_id = '97097295-6eb1-4824-8bfa-8984cf9bea6b' AND exercise_type = 'barbell_back_squat' AND started_at = '2025-06-01 17:34:07.339000'), '5');
    INSERT INTO public.wendler_program_movement_block (id, movement_id, block_id, cycle_type) VALUES ('69c964fc-ebef-4f97-b914-347221b76dec', '15cd68ce-af3f-4734-a16d-044ec14943bc', (SELECT id FROM public.exercise_block WHERE user_id = '97097295-6eb1-4824-8bfa-8984cf9bea6b' AND exercise_type = 'barbell_back_squat' AND started_at = '2025-06-08 16:23:55.229000'), '3');
    INSERT INTO public.wendler_program_movement_block (id, movement_id, block_id, cycle_type) VALUES ('631c90da-401b-4c45-bf63-d9a30e306aed', '15cd68ce-af3f-4734-a16d-044ec14943bc', (SELECT id FROM public.exercise_block WHERE user_id = '97097295-6eb1-4824-8bfa-8984cf9bea6b' AND exercise_type = 'barbell_back_squat' AND started_at = '2025-06-15 17:27:50.719000'), '1');
    INSERT INTO public.wendler_program_movement_block (id, movement_id, block_id, cycle_type) VALUES ('958a83d9-5394-4bd4-bbda-7fa5995a4644', '15cd68ce-af3f-4734-a16d-044ec14943bc', (SELECT id FROM public.exercise_block WHERE user_id = '97097295-6eb1-4824-8bfa-8984cf9bea6b' AND exercise_type = 'barbell_back_squat' AND started_at = '2025-06-22 16:34:10.207000'), 'deload');
    INSERT INTO public.wendler_program_movement_block (id, movement_id, block_id, cycle_type) VALUES ('84efb4bd-b0e1-42a7-ad4e-c5c678381374', '7ed235ff-cbbf-4605-a261-b468bb8d6dc4', (SELECT id FROM public.exercise_block WHERE user_id = '97097295-6eb1-4824-8bfa-8984cf9bea6b' AND exercise_type = 'barbell_back_squat' AND started_at = '2025-06-29 18:04:48.269000'), '5');
    INSERT INTO public.wendler_program_movement_block (id, movement_id, block_id, cycle_type) VALUES ('0f76f267-32af-4cdb-8b2f-29a9c0dcc268', '7ed235ff-cbbf-4605-a261-b468bb8d6dc4', (SELECT id FROM public.exercise_block WHERE user_id = '97097295-6eb1-4824-8bfa-8984cf9bea6b' AND exercise_type = 'barbell_back_squat' AND started_at = '2025-07-13 23:25:34.762000'), '3');
    INSERT INTO public.wendler_program_movement_block (id, movement_id, block_id, cycle_type) VALUES ('a9876d38-16e1-4600-8c4c-81af9eb5a521', '7ed235ff-cbbf-4605-a261-b468bb8d6dc4', (SELECT id FROM public.exercise_block WHERE user_id = '97097295-6eb1-4824-8bfa-8984cf9bea6b' AND exercise_type = 'barbell_back_squat' AND started_at = '2025-07-20 15:48:46.545000'), '1');
    INSERT INTO public.wendler_program_movement_block (id, movement_id, block_id, cycle_type) VALUES ('b82743fa-50ae-40cd-b655-efed51a80d7b', 'ba0913a8-44e5-4210-b4a4-cffe0104c80c', (SELECT id FROM public.exercise_block WHERE user_id = '97097295-6eb1-4824-8bfa-8984cf9bea6b' AND exercise_type = 'barbell_bench_press' AND started_at = '2025-05-13 23:53:17.547000'), '5');
    INSERT INTO public.wendler_program_movement_block (id, movement_id, block_id, cycle_type) VALUES ('075dfe1e-9c22-4576-b608-1e22168cba1d', 'ba0913a8-44e5-4210-b4a4-cffe0104c80c', (SELECT id FROM public.exercise_block WHERE user_id = '97097295-6eb1-4824-8bfa-8984cf9bea6b' AND exercise_type = 'barbell_bench_press' AND started_at = '2025-05-19 23:42:43.014000'), '3');
    INSERT INTO public.wendler_program_movement_block (id, movement_id, block_id, cycle_type) VALUES ('d9963378-baef-4321-913f-750ff4990864', 'ba0913a8-44e5-4210-b4a4-cffe0104c80c', (SELECT id FROM public.exercise_block WHERE user_id = '97097295-6eb1-4824-8bfa-8984cf9bea6b' AND exercise_type = 'barbell_bench_press' AND started_at = '2025-05-27 23:50:50.157000'), '1');
    INSERT INTO public.wendler_program_movement_block (id, movement_id, block_id, cycle_type) VALUES ('dd6217b2-35e1-4e0c-a2ef-23706fca19e5', 'b28ce91d-6121-49ac-bfbc-9d04ad863a06', (SELECT id FROM public.exercise_block WHERE user_id = '97097295-6eb1-4824-8bfa-8984cf9bea6b' AND exercise_type = 'barbell_bench_press' AND started_at = '2025-06-03 23:42:55.506000'), '5');
    INSERT INTO public.wendler_program_movement_block (id, movement_id, block_id, cycle_type) VALUES ('1a75a041-6382-4294-aea1-b039fa13868c', 'b28ce91d-6121-49ac-bfbc-9d04ad863a06', (SELECT id FROM public.exercise_block WHERE user_id = '97097295-6eb1-4824-8bfa-8984cf9bea6b' AND exercise_type = 'barbell_bench_press' AND started_at = '2025-06-10 23:55:47.622000'), '3');
    INSERT INTO public.wendler_program_movement_block (id, movement_id, block_id, cycle_type) VALUES ('67c8afd2-e3bb-4384-abfe-c715bad596cc', 'b28ce91d-6121-49ac-bfbc-9d04ad863a06', (SELECT id FROM public.exercise_block WHERE user_id = '97097295-6eb1-4824-8bfa-8984cf9bea6b' AND exercise_type = 'barbell_bench_press' AND started_at = '2025-06-17 23:52:53.230000'), '1');
    INSERT INTO public.wendler_program_movement_block (id, movement_id, block_id, cycle_type) VALUES ('463cd640-6b7d-405e-b625-0fb12e944c04', 'b28ce91d-6121-49ac-bfbc-9d04ad863a06', (SELECT id FROM public.exercise_block WHERE user_id = '97097295-6eb1-4824-8bfa-8984cf9bea6b' AND exercise_type = 'barbell_bench_press' AND started_at = '2025-06-24 23:41:15.187000'), 'deload');
    INSERT INTO public.wendler_program_movement_block (id, movement_id, block_id, cycle_type) VALUES ('e22ac941-d4bf-4b97-afad-217f6bd7e8e2', '0213cf8c-153f-423f-9c62-4ae6ca0b900a', (SELECT id FROM public.exercise_block WHERE user_id = '97097295-6eb1-4824-8bfa-8984cf9bea6b' AND exercise_type = 'barbell_bench_press' AND started_at = '2025-07-03 23:31:39.847000'), '5');
    INSERT INTO public.wendler_program_movement_block (id, movement_id, block_id, cycle_type) VALUES ('63181703-4b27-4096-9673-ba3bdd4716c3', '0213cf8c-153f-423f-9c62-4ae6ca0b900a', (SELECT id FROM public.exercise_block WHERE user_id = '97097295-6eb1-4824-8bfa-8984cf9bea6b' AND exercise_type = 'barbell_bench_press' AND started_at = '2025-07-15 23:45:17.397000'), '3');
    INSERT INTO public.wendler_program_movement_block (id, movement_id, block_id, cycle_type) VALUES ('9ab5be76-c4b2-450f-ab83-c5041bff2c70', '0213cf8c-153f-423f-9c62-4ae6ca0b900a', (SELECT id FROM public.exercise_block WHERE user_id = '97097295-6eb1-4824-8bfa-8984cf9bea6b' AND exercise_type = 'barbell_bench_press' AND started_at = '2025-07-22 23:24:15.791000'), '1');
    INSERT INTO public.wendler_program_movement_block (id, movement_id, block_id, cycle_type) VALUES ('8770c301-7649-48ba-bc97-53d80ca12d6b', 'e94b46da-1303-4812-aedd-7ab1523ce304', (SELECT id FROM public.exercise_block WHERE user_id = '97097295-6eb1-4824-8bfa-8984cf9bea6b' AND exercise_type = 'barbell_overhead_press' AND started_at = '2025-05-14 00:13:57.153000'), '5');
    INSERT INTO public.wendler_program_movement_block (id, movement_id, block_id, cycle_type) VALUES ('3d4479e3-60b8-4968-8b5c-c9ff681a7371', 'e94b46da-1303-4812-aedd-7ab1523ce304', (SELECT id FROM public.exercise_block WHERE user_id = '97097295-6eb1-4824-8bfa-8984cf9bea6b' AND exercise_type = 'barbell_overhead_press' AND started_at = '2025-05-19 23:59:32.481000'), '3');
    INSERT INTO public.wendler_program_movement_block (id, movement_id, block_id, cycle_type) VALUES ('46beb5ce-7290-4a97-b66e-7eaef34db873', 'e94b46da-1303-4812-aedd-7ab1523ce304', (SELECT id FROM public.exercise_block WHERE user_id = '97097295-6eb1-4824-8bfa-8984cf9bea6b' AND exercise_type = 'barbell_overhead_press' AND started_at = '2025-05-28 00:13:20.828000'), '1');
    INSERT INTO public.wendler_program_movement_block (id, movement_id, block_id, cycle_type) VALUES ('ae04974a-2bc8-4178-96c4-8bada761301d', '40c88c63-b459-446b-bd8b-d6241dcfd2c7', (SELECT id FROM public.exercise_block WHERE user_id = '97097295-6eb1-4824-8bfa-8984cf9bea6b' AND exercise_type = 'barbell_overhead_press' AND started_at = '2025-06-04 00:00:58.645000'), '5');
    INSERT INTO public.wendler_program_movement_block (id, movement_id, block_id, cycle_type) VALUES ('3486816f-9917-478f-8901-e7eb48dadf34', '40c88c63-b459-446b-bd8b-d6241dcfd2c7', (SELECT id FROM public.exercise_block WHERE user_id = '97097295-6eb1-4824-8bfa-8984cf9bea6b' AND exercise_type = 'barbell_overhead_press' AND started_at = '2025-06-11 00:12:56.173000'), '3');
    INSERT INTO public.wendler_program_movement_block (id, movement_id, block_id, cycle_type) VALUES ('7f93776a-d616-4657-a20b-36d6aaadf3fc', '40c88c63-b459-446b-bd8b-d6241dcfd2c7', (SELECT id FROM public.exercise_block WHERE user_id = '97097295-6eb1-4824-8bfa-8984cf9bea6b' AND exercise_type = 'barbell_overhead_press' AND started_at = '2025-06-18 00:09:36.731000'), '1');
    INSERT INTO public.wendler_program_movement_block (id, movement_id, block_id, cycle_type) VALUES ('c9411a69-a414-4bd9-b613-40903a7c448b', '40c88c63-b459-446b-bd8b-d6241dcfd2c7', (SELECT id FROM public.exercise_block WHERE user_id = '97097295-6eb1-4824-8bfa-8984cf9bea6b' AND exercise_type = 'barbell_overhead_press' AND started_at = '2025-06-24 23:54:43.878000'), 'deload');
    INSERT INTO public.wendler_program_movement_block (id, movement_id, block_id, cycle_type) VALUES ('b83b858a-d376-4f26-8594-f037114c736d', '654da00e-80d4-4f82-8ad8-6e9df719a40d', (SELECT id FROM public.exercise_block WHERE user_id = '97097295-6eb1-4824-8bfa-8984cf9bea6b' AND exercise_type = 'barbell_overhead_press' AND started_at = '2025-07-03 23:51:40.302000'), '5');
    INSERT INTO public.wendler_program_movement_block (id, movement_id, block_id, cycle_type) VALUES ('51fab86c-b010-4a71-99ae-4e4501d97dbd', '654da00e-80d4-4f82-8ad8-6e9df719a40d', (SELECT id FROM public.exercise_block WHERE user_id = '97097295-6eb1-4824-8bfa-8984cf9bea6b' AND exercise_type = 'barbell_overhead_press' AND started_at = '2025-07-16 00:02:41.413000'), '3');
    INSERT INTO public.wendler_program_movement_block (id, movement_id, block_id, cycle_type) VALUES ('0dbaaab4-f54d-4aa4-9ad8-f921f826cf93', '654da00e-80d4-4f82-8ad8-6e9df719a40d', (SELECT id FROM public.exercise_block WHERE user_id = '97097295-6eb1-4824-8bfa-8984cf9bea6b' AND exercise_type = 'barbell_overhead_press' AND started_at = '2025-07-22 23:44:52.706000'), '1');
END;
$$ LANGUAGE plpgsql;
