-- Auto-generated Wendler cleanup SQL supabase/migrations/generate-wendler-data.py
-- DO NOT EDIT MANUALLY
CREATE OR REPLACE FUNCTION _system.cleanup_wendler () RETURNS void AS $$
BEGIN
    INSERT INTO public.wendler_program (id, user_id, name, started_at) VALUES ('7bdf4268-51f8-46bf-a25a-8d58e717ac08', '97097295-6eb1-4824-8bfa-8984cf9bea6b', 'Wendler Cycle 1', NULL);
    INSERT INTO public.wendler_program (id, user_id, name, started_at) VALUES ('2daccf04-f7f0-463a-af9c-1b0064e486cc', '97097295-6eb1-4824-8bfa-8984cf9bea6b', 'Wendler Cycle 2', NULL);
    INSERT INTO public.wendler_program (id, user_id, name, started_at) VALUES ('0257a88c-b0d8-4768-a79b-481732c46338', '97097295-6eb1-4824-8bfa-8984cf9bea6b', 'Wendler Cycle 3', NULL);
    INSERT INTO public.wendler_program_movement (id, wendler_program_id, user_id, exercise_type, training_max_value, increase_amount_value, weight_unit) VALUES ('41d4a8a0-7895-4020-a571-de0c437734db', '7bdf4268-51f8-46bf-a25a-8d58e717ac08', '97097295-6eb1-4824-8bfa-8984cf9bea6b', 'barbell_deadlift', 0, 0, 'pounds');
    INSERT INTO public.wendler_program_movement (id, wendler_program_id, user_id, exercise_type, training_max_value, increase_amount_value, weight_unit) VALUES ('89ce350c-fb14-47bf-864a-d3177b80c78b', '2daccf04-f7f0-463a-af9c-1b0064e486cc', '97097295-6eb1-4824-8bfa-8984cf9bea6b', 'barbell_deadlift', 0, 0, 'pounds');
    INSERT INTO public.wendler_program_movement (id, wendler_program_id, user_id, exercise_type, training_max_value, increase_amount_value, weight_unit) VALUES ('75e821a6-5846-4818-9458-6f03cdd4dc7f', '0257a88c-b0d8-4768-a79b-481732c46338', '97097295-6eb1-4824-8bfa-8984cf9bea6b', 'barbell_deadlift', 0, 0, 'pounds');
    INSERT INTO public.wendler_program_movement (id, wendler_program_id, user_id, exercise_type, training_max_value, increase_amount_value, weight_unit) VALUES ('7e245a14-53c1-42df-9645-58d9454f9502', '7bdf4268-51f8-46bf-a25a-8d58e717ac08', '97097295-6eb1-4824-8bfa-8984cf9bea6b', 'barbell_back_squat', 0, 0, 'pounds');
    INSERT INTO public.wendler_program_movement (id, wendler_program_id, user_id, exercise_type, training_max_value, increase_amount_value, weight_unit) VALUES ('b9954516-60da-4306-a0ea-a21099881a0f', '2daccf04-f7f0-463a-af9c-1b0064e486cc', '97097295-6eb1-4824-8bfa-8984cf9bea6b', 'barbell_back_squat', 0, 0, 'pounds');
    INSERT INTO public.wendler_program_movement (id, wendler_program_id, user_id, exercise_type, training_max_value, increase_amount_value, weight_unit) VALUES ('92b12390-a200-4c40-8886-7e8faeae6195', '0257a88c-b0d8-4768-a79b-481732c46338', '97097295-6eb1-4824-8bfa-8984cf9bea6b', 'barbell_back_squat', 0, 0, 'pounds');
    INSERT INTO public.wendler_program_movement (id, wendler_program_id, user_id, exercise_type, training_max_value, increase_amount_value, weight_unit) VALUES ('32580e4e-ca8e-4f7b-838f-0e2c5ab99c75', '7bdf4268-51f8-46bf-a25a-8d58e717ac08', '97097295-6eb1-4824-8bfa-8984cf9bea6b', 'barbell_bench_press', 0, 0, 'pounds');
    INSERT INTO public.wendler_program_movement (id, wendler_program_id, user_id, exercise_type, training_max_value, increase_amount_value, weight_unit) VALUES ('70207d20-4aea-4ac5-9be8-601e0fc20e86', '2daccf04-f7f0-463a-af9c-1b0064e486cc', '97097295-6eb1-4824-8bfa-8984cf9bea6b', 'barbell_bench_press', 0, 0, 'pounds');
    INSERT INTO public.wendler_program_movement (id, wendler_program_id, user_id, exercise_type, training_max_value, increase_amount_value, weight_unit) VALUES ('4541a980-c65c-4f36-868d-8638ba0a8bec', '0257a88c-b0d8-4768-a79b-481732c46338', '97097295-6eb1-4824-8bfa-8984cf9bea6b', 'barbell_bench_press', 0, 0, 'pounds');
    INSERT INTO public.wendler_program_movement (id, wendler_program_id, user_id, exercise_type, training_max_value, increase_amount_value, weight_unit) VALUES ('325a3630-9569-4dd4-9e89-b84520a788d8', '7bdf4268-51f8-46bf-a25a-8d58e717ac08', '97097295-6eb1-4824-8bfa-8984cf9bea6b', 'barbell_overhead_press', 0, 0, 'pounds');
    INSERT INTO public.wendler_program_movement (id, wendler_program_id, user_id, exercise_type, training_max_value, increase_amount_value, weight_unit) VALUES ('21ac04c4-3ff8-49f0-b2d7-69c03df0585a', '2daccf04-f7f0-463a-af9c-1b0064e486cc', '97097295-6eb1-4824-8bfa-8984cf9bea6b', 'barbell_overhead_press', 0, 0, 'pounds');
    INSERT INTO public.wendler_program_movement (id, wendler_program_id, user_id, exercise_type, training_max_value, increase_amount_value, weight_unit) VALUES ('2f51ee8c-8f59-46c6-b0b5-beca6440ba92', '0257a88c-b0d8-4768-a79b-481732c46338', '97097295-6eb1-4824-8bfa-8984cf9bea6b', 'barbell_overhead_press', 0, 0, 'pounds');
    INSERT INTO public.wendler_program_movement_block (id, movement_id, block_id, cycle_type) VALUES ('34c11ca5-882f-444c-8fba-f2eea52deb67', '41d4a8a0-7895-4020-a571-de0c437734db', (SELECT id FROM public.exercise_block WHERE user_id = '97097295-6eb1-4824-8bfa-8984cf9bea6b' AND exercise_type = 'barbell_deadlift' AND started_at = '2025-05-09 23:46:59.395000'), '5');
    INSERT INTO public.wendler_program_movement_block (id, movement_id, block_id, cycle_type) VALUES ('4621ed95-0a89-4c77-9b5f-b202b8c03909', '41d4a8a0-7895-4020-a571-de0c437734db', (SELECT id FROM public.exercise_block WHERE user_id = '97097295-6eb1-4824-8bfa-8984cf9bea6b' AND exercise_type = 'barbell_deadlift' AND started_at = '2025-05-23 23:51:48.438000'), '3');
    INSERT INTO public.wendler_program_movement_block (id, movement_id, block_id, cycle_type) VALUES ('80322a49-e97d-4de3-b00e-6a5b5b4d054f', '41d4a8a0-7895-4020-a571-de0c437734db', (SELECT id FROM public.exercise_block WHERE user_id = '97097295-6eb1-4824-8bfa-8984cf9bea6b' AND exercise_type = 'barbell_deadlift' AND started_at = '2025-05-30 23:11:40.014000'), '1');
    INSERT INTO public.wendler_program_movement_block (id, movement_id, block_id, cycle_type) VALUES ('a40e9bf9-402d-42be-b427-eace01f8f9a0', '89ce350c-fb14-47bf-864a-d3177b80c78b', (SELECT id FROM public.exercise_block WHERE user_id = '97097295-6eb1-4824-8bfa-8984cf9bea6b' AND exercise_type = 'barbell_deadlift' AND started_at = '2025-06-06 23:54:14.736000'), '5');
    INSERT INTO public.wendler_program_movement_block (id, movement_id, block_id, cycle_type) VALUES ('61d8b3f8-13c2-44dc-84ff-4497abc915af', '89ce350c-fb14-47bf-864a-d3177b80c78b', (SELECT id FROM public.exercise_block WHERE user_id = '97097295-6eb1-4824-8bfa-8984cf9bea6b' AND exercise_type = 'barbell_deadlift' AND started_at = '2025-06-14 16:29:01.905000'), '3');
    INSERT INTO public.wendler_program_movement_block (id, movement_id, block_id, cycle_type) VALUES ('40982f76-8698-4013-9f23-42363c31849f', '89ce350c-fb14-47bf-864a-d3177b80c78b', (SELECT id FROM public.exercise_block WHERE user_id = '97097295-6eb1-4824-8bfa-8984cf9bea6b' AND exercise_type = 'barbell_deadlift' AND started_at = '2025-06-20 23:41:40.798000'), '1');
    INSERT INTO public.wendler_program_movement_block (id, movement_id, block_id, cycle_type) VALUES ('2b1fec71-dd9a-42b5-bdcc-b63970ff4607', '89ce350c-fb14-47bf-864a-d3177b80c78b', (SELECT id FROM public.exercise_block WHERE user_id = '97097295-6eb1-4824-8bfa-8984cf9bea6b' AND exercise_type = 'barbell_deadlift' AND started_at = '2025-06-28 15:12:53.478000'), 'deload');
    INSERT INTO public.wendler_program_movement_block (id, movement_id, block_id, cycle_type) VALUES ('35ea9044-77c7-406c-a14e-5de4a85d6025', '75e821a6-5846-4818-9458-6f03cdd4dc7f', (SELECT id FROM public.exercise_block WHERE user_id = '97097295-6eb1-4824-8bfa-8984cf9bea6b' AND exercise_type = 'barbell_deadlift' AND started_at = '2025-07-10 23:48:56.600000'), '5');
    INSERT INTO public.wendler_program_movement_block (id, movement_id, block_id, cycle_type) VALUES ('62faa4e1-3d7d-4b9c-9269-ac01e31f39f7', '75e821a6-5846-4818-9458-6f03cdd4dc7f', (SELECT id FROM public.exercise_block WHERE user_id = '97097295-6eb1-4824-8bfa-8984cf9bea6b' AND exercise_type = 'barbell_deadlift' AND started_at = '2025-07-17 23:42:31.725000'), '3');
    INSERT INTO public.wendler_program_movement_block (id, movement_id, block_id, cycle_type) VALUES ('6fb610cb-6a93-4a3b-bcde-d13c96a02629', '75e821a6-5846-4818-9458-6f03cdd4dc7f', (SELECT id FROM public.exercise_block WHERE user_id = '97097295-6eb1-4824-8bfa-8984cf9bea6b' AND exercise_type = 'barbell_deadlift' AND started_at = '2025-07-26 00:05:07.342000'), '1');
    INSERT INTO public.wendler_program_movement_block (id, movement_id, block_id, cycle_type) VALUES ('e76cc3eb-246a-4a01-ab44-5be74b11e747', '7e245a14-53c1-42df-9645-58d9454f9502', (SELECT id FROM public.exercise_block WHERE user_id = '97097295-6eb1-4824-8bfa-8984cf9bea6b' AND exercise_type = 'barbell_back_squat' AND started_at = '2025-05-11 17:07:14.227000'), '5');
    INSERT INTO public.wendler_program_movement_block (id, movement_id, block_id, cycle_type) VALUES ('9a4341b2-e9cc-4622-95ab-eabed4badb71', '7e245a14-53c1-42df-9645-58d9454f9502', (SELECT id FROM public.exercise_block WHERE user_id = '97097295-6eb1-4824-8bfa-8984cf9bea6b' AND exercise_type = 'barbell_back_squat' AND started_at = '2025-05-20 23:54:43.830000'), '3');
    INSERT INTO public.wendler_program_movement_block (id, movement_id, block_id, cycle_type) VALUES ('cbae0b73-c8e7-4296-b3fc-d4c48d74fdb4', '7e245a14-53c1-42df-9645-58d9454f9502', (SELECT id FROM public.exercise_block WHERE user_id = '97097295-6eb1-4824-8bfa-8984cf9bea6b' AND exercise_type = 'barbell_back_squat' AND started_at = '2025-05-25 17:42:14.067000'), '1');
    INSERT INTO public.wendler_program_movement_block (id, movement_id, block_id, cycle_type) VALUES ('d859cdc6-3569-40dc-99ed-1d244133df16', 'b9954516-60da-4306-a0ea-a21099881a0f', (SELECT id FROM public.exercise_block WHERE user_id = '97097295-6eb1-4824-8bfa-8984cf9bea6b' AND exercise_type = 'barbell_back_squat' AND started_at = '2025-06-01 17:34:07.339000'), '5');
    INSERT INTO public.wendler_program_movement_block (id, movement_id, block_id, cycle_type) VALUES ('ae7ea993-f58d-4710-8012-61d3e4479155', 'b9954516-60da-4306-a0ea-a21099881a0f', (SELECT id FROM public.exercise_block WHERE user_id = '97097295-6eb1-4824-8bfa-8984cf9bea6b' AND exercise_type = 'barbell_back_squat' AND started_at = '2025-06-08 16:23:55.229000'), '3');
    INSERT INTO public.wendler_program_movement_block (id, movement_id, block_id, cycle_type) VALUES ('38e91ebf-b04a-472b-a58f-c638c596e025', 'b9954516-60da-4306-a0ea-a21099881a0f', (SELECT id FROM public.exercise_block WHERE user_id = '97097295-6eb1-4824-8bfa-8984cf9bea6b' AND exercise_type = 'barbell_back_squat' AND started_at = '2025-06-15 17:27:50.719000'), '1');
    INSERT INTO public.wendler_program_movement_block (id, movement_id, block_id, cycle_type) VALUES ('f1280f36-591e-44a9-8f38-37af5ac5bca8', 'b9954516-60da-4306-a0ea-a21099881a0f', (SELECT id FROM public.exercise_block WHERE user_id = '97097295-6eb1-4824-8bfa-8984cf9bea6b' AND exercise_type = 'barbell_back_squat' AND started_at = '2025-06-22 16:34:10.207000'), 'deload');
    INSERT INTO public.wendler_program_movement_block (id, movement_id, block_id, cycle_type) VALUES ('15b69996-b7b0-4fd9-9500-aef008332c48', '92b12390-a200-4c40-8886-7e8faeae6195', (SELECT id FROM public.exercise_block WHERE user_id = '97097295-6eb1-4824-8bfa-8984cf9bea6b' AND exercise_type = 'barbell_back_squat' AND started_at = '2025-06-29 18:04:48.269000'), '5');
    INSERT INTO public.wendler_program_movement_block (id, movement_id, block_id, cycle_type) VALUES ('8e011576-c4b3-48db-8b19-1dca652c9350', '92b12390-a200-4c40-8886-7e8faeae6195', (SELECT id FROM public.exercise_block WHERE user_id = '97097295-6eb1-4824-8bfa-8984cf9bea6b' AND exercise_type = 'barbell_back_squat' AND started_at = '2025-07-13 23:25:34.762000'), '3');
    INSERT INTO public.wendler_program_movement_block (id, movement_id, block_id, cycle_type) VALUES ('99613f9f-8ab7-4834-a1c9-8f7e4cda0502', '92b12390-a200-4c40-8886-7e8faeae6195', (SELECT id FROM public.exercise_block WHERE user_id = '97097295-6eb1-4824-8bfa-8984cf9bea6b' AND exercise_type = 'barbell_back_squat' AND started_at = '2025-07-20 15:48:46.545000'), '1');
    INSERT INTO public.wendler_program_movement_block (id, movement_id, block_id, cycle_type) VALUES ('b0a0c867-8dad-4560-b7fc-3b0a3c5996ba', '32580e4e-ca8e-4f7b-838f-0e2c5ab99c75', (SELECT id FROM public.exercise_block WHERE user_id = '97097295-6eb1-4824-8bfa-8984cf9bea6b' AND exercise_type = 'barbell_bench_press' AND started_at = '2025-05-13 23:53:17.547000'), '5');
    INSERT INTO public.wendler_program_movement_block (id, movement_id, block_id, cycle_type) VALUES ('e03c99c5-536e-4fd3-bbac-57825aa3db40', '32580e4e-ca8e-4f7b-838f-0e2c5ab99c75', (SELECT id FROM public.exercise_block WHERE user_id = '97097295-6eb1-4824-8bfa-8984cf9bea6b' AND exercise_type = 'barbell_bench_press' AND started_at = '2025-05-19 23:42:43.014000'), '3');
    INSERT INTO public.wendler_program_movement_block (id, movement_id, block_id, cycle_type) VALUES ('a780ece1-decf-45d4-b4ae-86fc3d388848', '32580e4e-ca8e-4f7b-838f-0e2c5ab99c75', (SELECT id FROM public.exercise_block WHERE user_id = '97097295-6eb1-4824-8bfa-8984cf9bea6b' AND exercise_type = 'barbell_bench_press' AND started_at = '2025-05-27 23:50:50.157000'), '1');
    INSERT INTO public.wendler_program_movement_block (id, movement_id, block_id, cycle_type) VALUES ('f4f2860e-4536-43b2-8917-0039b375e341', '70207d20-4aea-4ac5-9be8-601e0fc20e86', (SELECT id FROM public.exercise_block WHERE user_id = '97097295-6eb1-4824-8bfa-8984cf9bea6b' AND exercise_type = 'barbell_bench_press' AND started_at = '2025-06-03 23:42:55.506000'), '5');
    INSERT INTO public.wendler_program_movement_block (id, movement_id, block_id, cycle_type) VALUES ('38fffe81-1ba5-4486-b169-c3f054887352', '70207d20-4aea-4ac5-9be8-601e0fc20e86', (SELECT id FROM public.exercise_block WHERE user_id = '97097295-6eb1-4824-8bfa-8984cf9bea6b' AND exercise_type = 'barbell_bench_press' AND started_at = '2025-06-10 23:55:47.622000'), '3');
    INSERT INTO public.wendler_program_movement_block (id, movement_id, block_id, cycle_type) VALUES ('46effcfd-d6a5-4c77-be7d-a2e9ad3de649', '70207d20-4aea-4ac5-9be8-601e0fc20e86', (SELECT id FROM public.exercise_block WHERE user_id = '97097295-6eb1-4824-8bfa-8984cf9bea6b' AND exercise_type = 'barbell_bench_press' AND started_at = '2025-06-17 23:52:53.230000'), '1');
    INSERT INTO public.wendler_program_movement_block (id, movement_id, block_id, cycle_type) VALUES ('8dcd7f4d-6386-4e0e-8a8b-de95a5b74ba6', '70207d20-4aea-4ac5-9be8-601e0fc20e86', (SELECT id FROM public.exercise_block WHERE user_id = '97097295-6eb1-4824-8bfa-8984cf9bea6b' AND exercise_type = 'barbell_bench_press' AND started_at = '2025-06-24 23:41:15.187000'), 'deload');
    INSERT INTO public.wendler_program_movement_block (id, movement_id, block_id, cycle_type) VALUES ('8904fd4a-2555-44e7-aee4-c0b9bc6bca4a', '4541a980-c65c-4f36-868d-8638ba0a8bec', (SELECT id FROM public.exercise_block WHERE user_id = '97097295-6eb1-4824-8bfa-8984cf9bea6b' AND exercise_type = 'barbell_bench_press' AND started_at = '2025-07-03 23:31:39.847000'), '5');
    INSERT INTO public.wendler_program_movement_block (id, movement_id, block_id, cycle_type) VALUES ('01fe4647-f6ff-4d6e-8b80-6303c6535ba6', '4541a980-c65c-4f36-868d-8638ba0a8bec', (SELECT id FROM public.exercise_block WHERE user_id = '97097295-6eb1-4824-8bfa-8984cf9bea6b' AND exercise_type = 'barbell_bench_press' AND started_at = '2025-07-15 23:45:17.397000'), '3');
    INSERT INTO public.wendler_program_movement_block (id, movement_id, block_id, cycle_type) VALUES ('d22d2556-bb27-4216-bcc7-0752ff0ba096', '4541a980-c65c-4f36-868d-8638ba0a8bec', (SELECT id FROM public.exercise_block WHERE user_id = '97097295-6eb1-4824-8bfa-8984cf9bea6b' AND exercise_type = 'barbell_bench_press' AND started_at = '2025-07-22 23:24:15.791000'), '1');
    INSERT INTO public.wendler_program_movement_block (id, movement_id, block_id, cycle_type) VALUES ('aeae7315-a048-468c-a668-be28580a4ac0', '325a3630-9569-4dd4-9e89-b84520a788d8', (SELECT id FROM public.exercise_block WHERE user_id = '97097295-6eb1-4824-8bfa-8984cf9bea6b' AND exercise_type = 'barbell_overhead_press' AND started_at = '2025-05-14 00:13:57.153000'), '5');
    INSERT INTO public.wendler_program_movement_block (id, movement_id, block_id, cycle_type) VALUES ('8f77055c-c023-40bd-a01b-120c9166800f', '325a3630-9569-4dd4-9e89-b84520a788d8', (SELECT id FROM public.exercise_block WHERE user_id = '97097295-6eb1-4824-8bfa-8984cf9bea6b' AND exercise_type = 'barbell_overhead_press' AND started_at = '2025-05-19 23:59:32.481000'), '3');
    INSERT INTO public.wendler_program_movement_block (id, movement_id, block_id, cycle_type) VALUES ('24d04039-86d4-49a3-ada1-25a9d1e6b62a', '325a3630-9569-4dd4-9e89-b84520a788d8', (SELECT id FROM public.exercise_block WHERE user_id = '97097295-6eb1-4824-8bfa-8984cf9bea6b' AND exercise_type = 'barbell_overhead_press' AND started_at = '2025-05-28 00:13:20.828000'), '1');
    INSERT INTO public.wendler_program_movement_block (id, movement_id, block_id, cycle_type) VALUES ('a7b8b137-706a-493c-8d42-d6d92b712702', '21ac04c4-3ff8-49f0-b2d7-69c03df0585a', (SELECT id FROM public.exercise_block WHERE user_id = '97097295-6eb1-4824-8bfa-8984cf9bea6b' AND exercise_type = 'barbell_overhead_press' AND started_at = '2025-06-04 00:00:58.645000'), '5');
    INSERT INTO public.wendler_program_movement_block (id, movement_id, block_id, cycle_type) VALUES ('85a429e6-8e55-4789-a186-237a855d1189', '21ac04c4-3ff8-49f0-b2d7-69c03df0585a', (SELECT id FROM public.exercise_block WHERE user_id = '97097295-6eb1-4824-8bfa-8984cf9bea6b' AND exercise_type = 'barbell_overhead_press' AND started_at = '2025-06-11 00:12:56.173000'), '3');
    INSERT INTO public.wendler_program_movement_block (id, movement_id, block_id, cycle_type) VALUES ('7d18dbfb-6f14-4f8c-89be-4e719bca5193', '21ac04c4-3ff8-49f0-b2d7-69c03df0585a', (SELECT id FROM public.exercise_block WHERE user_id = '97097295-6eb1-4824-8bfa-8984cf9bea6b' AND exercise_type = 'barbell_overhead_press' AND started_at = '2025-06-18 00:09:36.731000'), '1');
    INSERT INTO public.wendler_program_movement_block (id, movement_id, block_id, cycle_type) VALUES ('152f8222-979e-4b5f-affb-e36710a466b7', '21ac04c4-3ff8-49f0-b2d7-69c03df0585a', (SELECT id FROM public.exercise_block WHERE user_id = '97097295-6eb1-4824-8bfa-8984cf9bea6b' AND exercise_type = 'barbell_overhead_press' AND started_at = '2025-06-24 23:54:43.878000'), 'deload');
    INSERT INTO public.wendler_program_movement_block (id, movement_id, block_id, cycle_type) VALUES ('f9e2c662-7a9e-468e-b403-2969f7bf4e4a', '2f51ee8c-8f59-46c6-b0b5-beca6440ba92', (SELECT id FROM public.exercise_block WHERE user_id = '97097295-6eb1-4824-8bfa-8984cf9bea6b' AND exercise_type = 'barbell_overhead_press' AND started_at = '2025-07-03 23:51:40.302000'), '5');
    INSERT INTO public.wendler_program_movement_block (id, movement_id, block_id, cycle_type) VALUES ('67aedc10-9830-4ced-808b-4b94fa2d6234', '2f51ee8c-8f59-46c6-b0b5-beca6440ba92', (SELECT id FROM public.exercise_block WHERE user_id = '97097295-6eb1-4824-8bfa-8984cf9bea6b' AND exercise_type = 'barbell_overhead_press' AND started_at = '2025-07-16 00:02:41.413000'), '3');
    INSERT INTO public.wendler_program_movement_block (id, movement_id, block_id, cycle_type) VALUES ('06f2d3f1-2106-495a-b40f-5b4d19a60233', '2f51ee8c-8f59-46c6-b0b5-beca6440ba92', (SELECT id FROM public.exercise_block WHERE user_id = '97097295-6eb1-4824-8bfa-8984cf9bea6b' AND exercise_type = 'barbell_overhead_press' AND started_at = '2025-07-22 23:44:52.706000'), '1');
END;
$$ LANGUAGE plpgsql;
