-- Auto-generated Wendler cleanup SQL supabase/migrations/generate-wendler-data.py
-- DO NOT EDIT MANUALLY
CREATE OR REPLACE FUNCTION _system.cleanup_wendler () RETURNS void AS $$
BEGIN
    INSERT INTO public.wendler_program (id, user_id, name, notes, program_order) VALUES ('aff99ffc-7775-403a-905a-22357cf7b56c', '97097295-6eb1-4824-8bfa-8984cf9bea6b', 'Wendler Cycle 1', 'created by _system.cleanup_wendler()', 1);
    INSERT INTO public.wendler_program (id, user_id, name, notes, program_order) VALUES ('4e24ae68-a388-45b0-871d-fec156093d46', '97097295-6eb1-4824-8bfa-8984cf9bea6b', 'Wendler Cycle 2', 'created by _system.cleanup_wendler()', 2);
    INSERT INTO public.wendler_program (id, user_id, name, notes, program_order) VALUES ('839cc876-63aa-4d7f-bfef-145fa5d32e0e', '97097295-6eb1-4824-8bfa-8984cf9bea6b', 'Wendler Cycle 3', 'created by _system.cleanup_wendler()', 3);
    INSERT INTO public.wendler_program_cycle (id, wendler_program_id, user_id, cycle_type) VALUES ('03176f07-6a0f-4031-975a-3a8b3625c1a9', 'aff99ffc-7775-403a-905a-22357cf7b56c', '97097295-6eb1-4824-8bfa-8984cf9bea6b', '5');
    INSERT INTO public.wendler_program_cycle (id, wendler_program_id, user_id, cycle_type) VALUES ('1b2ba5b9-9d93-4fa2-b9e2-6bd0ce193795', 'aff99ffc-7775-403a-905a-22357cf7b56c', '97097295-6eb1-4824-8bfa-8984cf9bea6b', '3');
    INSERT INTO public.wendler_program_cycle (id, wendler_program_id, user_id, cycle_type) VALUES ('cea50974-de78-4551-9e9a-25368afa046d', 'aff99ffc-7775-403a-905a-22357cf7b56c', '97097295-6eb1-4824-8bfa-8984cf9bea6b', '1');
    INSERT INTO public.wendler_program_cycle (id, wendler_program_id, user_id, cycle_type) VALUES ('73520c1f-4e7a-451f-8132-41b1251bd51f', '4e24ae68-a388-45b0-871d-fec156093d46', '97097295-6eb1-4824-8bfa-8984cf9bea6b', '5');
    INSERT INTO public.wendler_program_cycle (id, wendler_program_id, user_id, cycle_type) VALUES ('cdb5307f-ccbe-4c7c-bfa7-f49b52cfbeec', '4e24ae68-a388-45b0-871d-fec156093d46', '97097295-6eb1-4824-8bfa-8984cf9bea6b', '3');
    INSERT INTO public.wendler_program_cycle (id, wendler_program_id, user_id, cycle_type) VALUES ('97734030-72b5-400a-8455-d3f0db64eebb', '4e24ae68-a388-45b0-871d-fec156093d46', '97097295-6eb1-4824-8bfa-8984cf9bea6b', '1');
    INSERT INTO public.wendler_program_cycle (id, wendler_program_id, user_id, cycle_type) VALUES ('505faee7-2032-4fae-89e3-f8d71f92915f', '4e24ae68-a388-45b0-871d-fec156093d46', '97097295-6eb1-4824-8bfa-8984cf9bea6b', 'deload');
    INSERT INTO public.wendler_program_cycle (id, wendler_program_id, user_id, cycle_type) VALUES ('3f841d04-be47-4e32-8b49-b218268d4873', '839cc876-63aa-4d7f-bfef-145fa5d32e0e', '97097295-6eb1-4824-8bfa-8984cf9bea6b', '5');
    INSERT INTO public.wendler_program_cycle (id, wendler_program_id, user_id, cycle_type) VALUES ('4983a842-f6ca-4830-b1fb-feed45c3919c', '839cc876-63aa-4d7f-bfef-145fa5d32e0e', '97097295-6eb1-4824-8bfa-8984cf9bea6b', '3');
    INSERT INTO public.wendler_program_cycle (id, wendler_program_id, user_id, cycle_type) VALUES ('dcf1b413-de6d-4f47-81c4-330ace45e5be', '839cc876-63aa-4d7f-bfef-145fa5d32e0e', '97097295-6eb1-4824-8bfa-8984cf9bea6b', '1');
    INSERT INTO public.wendler_program_cycle (id, wendler_program_id, user_id, cycle_type) VALUES ('46885531-0171-4a16-94d9-e16a60d5e57a', '839cc876-63aa-4d7f-bfef-145fa5d32e0e', '97097295-6eb1-4824-8bfa-8984cf9bea6b', 'deload');
    INSERT INTO public.wendler_movement_max (id, user_id, target_max_value, increase_amount_value, weight_unit) VALUES ('4f4e41ee-79f5-4ef0-97e3-65f2b7f45c15', '97097295-6eb1-4824-8bfa-8984cf9bea6b', 0, 0, 'pounds');
    INSERT INTO public.wendler_movement_max (id, user_id, target_max_value, increase_amount_value, weight_unit) VALUES ('afe7ac38-7d67-4a2e-92f4-909b5ae8ecde', '97097295-6eb1-4824-8bfa-8984cf9bea6b', 0, 0, 'pounds');
    INSERT INTO public.wendler_movement_max (id, user_id, target_max_value, increase_amount_value, weight_unit) VALUES ('69d95cf7-ee2b-4985-80d4-899e85256954', '97097295-6eb1-4824-8bfa-8984cf9bea6b', 0, 0, 'pounds');
    INSERT INTO public.wendler_movement_max (id, user_id, target_max_value, increase_amount_value, weight_unit) VALUES ('ee6181d6-6276-4f92-bbc4-d9c19e8e1418', '97097295-6eb1-4824-8bfa-8984cf9bea6b', 0, 0, 'pounds');
    INSERT INTO public.wendler_movement_max (id, user_id, target_max_value, increase_amount_value, weight_unit) VALUES ('88f85730-3688-453e-8477-a89251437a30', '97097295-6eb1-4824-8bfa-8984cf9bea6b', 0, 0, 'pounds');
    INSERT INTO public.wendler_movement_max (id, user_id, target_max_value, increase_amount_value, weight_unit) VALUES ('026787a8-b19f-464a-8456-49975a3cc5d0', '97097295-6eb1-4824-8bfa-8984cf9bea6b', 0, 0, 'pounds');
    INSERT INTO public.wendler_movement_max (id, user_id, target_max_value, increase_amount_value, weight_unit) VALUES ('e96d03fb-f44f-4ce1-88b1-21b4aa26eea1', '97097295-6eb1-4824-8bfa-8984cf9bea6b', 0, 0, 'pounds');
    INSERT INTO public.wendler_movement_max (id, user_id, target_max_value, increase_amount_value, weight_unit) VALUES ('1220b5f6-ee63-49f7-97cc-3adf9dcfde42', '97097295-6eb1-4824-8bfa-8984cf9bea6b', 0, 0, 'pounds');
    INSERT INTO public.wendler_movement_max (id, user_id, target_max_value, increase_amount_value, weight_unit) VALUES ('857443a5-26ac-4ac3-b739-3164154054f6', '97097295-6eb1-4824-8bfa-8984cf9bea6b', 0, 0, 'pounds');
    INSERT INTO public.wendler_movement_max (id, user_id, target_max_value, increase_amount_value, weight_unit) VALUES ('a011ee70-e8c1-44c0-a303-c3bb206cf57b', '97097295-6eb1-4824-8bfa-8984cf9bea6b', 0, 0, 'pounds');
    INSERT INTO public.wendler_movement_max (id, user_id, target_max_value, increase_amount_value, weight_unit) VALUES ('3aec880f-6b60-43b3-9e78-ac71be29f37c', '97097295-6eb1-4824-8bfa-8984cf9bea6b', 0, 0, 'pounds');
    INSERT INTO public.wendler_movement_max (id, user_id, target_max_value, increase_amount_value, weight_unit) VALUES ('0e167d3b-3bd0-48a3-ba21-920a283e9f97', '97097295-6eb1-4824-8bfa-8984cf9bea6b', 0, 0, 'pounds');
    INSERT INTO public.wendler_program_cycle_movement (id, wendler_program_cycle_id, user_id, exercise_type, movement_max_id, block_id) VALUES ('e7259613-e928-45d7-abd1-c05d83027bab', '03176f07-6a0f-4031-975a-3a8b3625c1a9', '97097295-6eb1-4824-8bfa-8984cf9bea6b', 'barbell_deadlift', '4f4e41ee-79f5-4ef0-97e3-65f2b7f45c15', (SELECT id FROM public.exercise_block WHERE user_id = '97097295-6eb1-4824-8bfa-8984cf9bea6b' AND exercise_type = 'barbell_deadlift' AND started_at = '2025-05-09 23:46:59.395000'));
    INSERT INTO public.wendler_program_cycle_movement (id, wendler_program_cycle_id, user_id, exercise_type, movement_max_id, block_id) VALUES ('32e80721-6a4b-4ddd-981d-0c28f38dbacb', '03176f07-6a0f-4031-975a-3a8b3625c1a9', '97097295-6eb1-4824-8bfa-8984cf9bea6b', 'barbell_back_squat', 'afe7ac38-7d67-4a2e-92f4-909b5ae8ecde', (SELECT id FROM public.exercise_block WHERE user_id = '97097295-6eb1-4824-8bfa-8984cf9bea6b' AND exercise_type = 'barbell_back_squat' AND started_at = '2025-05-11 17:07:14.227000'));
    INSERT INTO public.wendler_program_cycle_movement (id, wendler_program_cycle_id, user_id, exercise_type, movement_max_id, block_id) VALUES ('62b27d62-391f-4fb4-b1cf-091a5f25847c', '03176f07-6a0f-4031-975a-3a8b3625c1a9', '97097295-6eb1-4824-8bfa-8984cf9bea6b', 'barbell_bench_press', '69d95cf7-ee2b-4985-80d4-899e85256954', (SELECT id FROM public.exercise_block WHERE user_id = '97097295-6eb1-4824-8bfa-8984cf9bea6b' AND exercise_type = 'barbell_bench_press' AND started_at = '2025-05-13 23:53:17.547000'));
    INSERT INTO public.wendler_program_cycle_movement (id, wendler_program_cycle_id, user_id, exercise_type, movement_max_id, block_id) VALUES ('42f152d5-51f9-4c13-9161-6b8041a16f2d', '03176f07-6a0f-4031-975a-3a8b3625c1a9', '97097295-6eb1-4824-8bfa-8984cf9bea6b', 'barbell_overhead_press', 'ee6181d6-6276-4f92-bbc4-d9c19e8e1418', (SELECT id FROM public.exercise_block WHERE user_id = '97097295-6eb1-4824-8bfa-8984cf9bea6b' AND exercise_type = 'barbell_overhead_press' AND started_at = '2025-05-14 00:13:57.153000'));
    INSERT INTO public.wendler_program_cycle_movement (id, wendler_program_cycle_id, user_id, exercise_type, movement_max_id, block_id) VALUES ('845d9984-65c4-442d-a9b5-fb74280e1b01', '1b2ba5b9-9d93-4fa2-b9e2-6bd0ce193795', '97097295-6eb1-4824-8bfa-8984cf9bea6b', 'barbell_bench_press', '69d95cf7-ee2b-4985-80d4-899e85256954', (SELECT id FROM public.exercise_block WHERE user_id = '97097295-6eb1-4824-8bfa-8984cf9bea6b' AND exercise_type = 'barbell_bench_press' AND started_at = '2025-05-19 23:42:43.014000'));
    INSERT INTO public.wendler_program_cycle_movement (id, wendler_program_cycle_id, user_id, exercise_type, movement_max_id, block_id) VALUES ('4ac8b4eb-0a63-4db6-b817-190016ef21ed', '1b2ba5b9-9d93-4fa2-b9e2-6bd0ce193795', '97097295-6eb1-4824-8bfa-8984cf9bea6b', 'barbell_overhead_press', 'ee6181d6-6276-4f92-bbc4-d9c19e8e1418', (SELECT id FROM public.exercise_block WHERE user_id = '97097295-6eb1-4824-8bfa-8984cf9bea6b' AND exercise_type = 'barbell_overhead_press' AND started_at = '2025-05-19 23:59:32.481000'));
    INSERT INTO public.wendler_program_cycle_movement (id, wendler_program_cycle_id, user_id, exercise_type, movement_max_id, block_id) VALUES ('615289f4-8160-4696-a1cb-2594015eb6f6', '1b2ba5b9-9d93-4fa2-b9e2-6bd0ce193795', '97097295-6eb1-4824-8bfa-8984cf9bea6b', 'barbell_back_squat', 'afe7ac38-7d67-4a2e-92f4-909b5ae8ecde', (SELECT id FROM public.exercise_block WHERE user_id = '97097295-6eb1-4824-8bfa-8984cf9bea6b' AND exercise_type = 'barbell_back_squat' AND started_at = '2025-05-20 23:54:43.830000'));
    INSERT INTO public.wendler_program_cycle_movement (id, wendler_program_cycle_id, user_id, exercise_type, movement_max_id, block_id) VALUES ('757691c2-f1b9-47c9-910b-903e636a91fb', '1b2ba5b9-9d93-4fa2-b9e2-6bd0ce193795', '97097295-6eb1-4824-8bfa-8984cf9bea6b', 'barbell_deadlift', '4f4e41ee-79f5-4ef0-97e3-65f2b7f45c15', (SELECT id FROM public.exercise_block WHERE user_id = '97097295-6eb1-4824-8bfa-8984cf9bea6b' AND exercise_type = 'barbell_deadlift' AND started_at = '2025-05-23 23:51:48.438000'));
    INSERT INTO public.wendler_program_cycle_movement (id, wendler_program_cycle_id, user_id, exercise_type, movement_max_id, block_id) VALUES ('9c9a6f45-4d12-4f01-81b8-4587ddf5e600', 'cea50974-de78-4551-9e9a-25368afa046d', '97097295-6eb1-4824-8bfa-8984cf9bea6b', 'barbell_back_squat', 'afe7ac38-7d67-4a2e-92f4-909b5ae8ecde', (SELECT id FROM public.exercise_block WHERE user_id = '97097295-6eb1-4824-8bfa-8984cf9bea6b' AND exercise_type = 'barbell_back_squat' AND started_at = '2025-05-25 17:42:14.067000'));
    INSERT INTO public.wendler_program_cycle_movement (id, wendler_program_cycle_id, user_id, exercise_type, movement_max_id, block_id) VALUES ('aaa99f97-7867-4539-9e18-3f9658bc64e6', 'cea50974-de78-4551-9e9a-25368afa046d', '97097295-6eb1-4824-8bfa-8984cf9bea6b', 'barbell_bench_press', '69d95cf7-ee2b-4985-80d4-899e85256954', (SELECT id FROM public.exercise_block WHERE user_id = '97097295-6eb1-4824-8bfa-8984cf9bea6b' AND exercise_type = 'barbell_bench_press' AND started_at = '2025-05-27 23:50:50.157000'));
    INSERT INTO public.wendler_program_cycle_movement (id, wendler_program_cycle_id, user_id, exercise_type, movement_max_id, block_id) VALUES ('58c5f775-a704-41f4-b068-344391555c33', 'cea50974-de78-4551-9e9a-25368afa046d', '97097295-6eb1-4824-8bfa-8984cf9bea6b', 'barbell_overhead_press', 'ee6181d6-6276-4f92-bbc4-d9c19e8e1418', (SELECT id FROM public.exercise_block WHERE user_id = '97097295-6eb1-4824-8bfa-8984cf9bea6b' AND exercise_type = 'barbell_overhead_press' AND started_at = '2025-05-28 00:13:20.828000'));
    INSERT INTO public.wendler_program_cycle_movement (id, wendler_program_cycle_id, user_id, exercise_type, movement_max_id, block_id) VALUES ('6eabe8f7-f451-40af-a177-6e08b8369bd7', 'cea50974-de78-4551-9e9a-25368afa046d', '97097295-6eb1-4824-8bfa-8984cf9bea6b', 'barbell_deadlift', '4f4e41ee-79f5-4ef0-97e3-65f2b7f45c15', (SELECT id FROM public.exercise_block WHERE user_id = '97097295-6eb1-4824-8bfa-8984cf9bea6b' AND exercise_type = 'barbell_deadlift' AND started_at = '2025-05-30 23:11:40.014000'));
    INSERT INTO public.wendler_program_cycle_movement (id, wendler_program_cycle_id, user_id, exercise_type, movement_max_id, block_id) VALUES ('590159c8-3da3-4394-894d-983617642de2', '73520c1f-4e7a-451f-8132-41b1251bd51f', '97097295-6eb1-4824-8bfa-8984cf9bea6b', 'barbell_back_squat', '88f85730-3688-453e-8477-a89251437a30', (SELECT id FROM public.exercise_block WHERE user_id = '97097295-6eb1-4824-8bfa-8984cf9bea6b' AND exercise_type = 'barbell_back_squat' AND started_at = '2025-06-01 17:34:07.339000'));
    INSERT INTO public.wendler_program_cycle_movement (id, wendler_program_cycle_id, user_id, exercise_type, movement_max_id, block_id) VALUES ('c210182e-d073-434a-8be1-b03577e1c533', '73520c1f-4e7a-451f-8132-41b1251bd51f', '97097295-6eb1-4824-8bfa-8984cf9bea6b', 'barbell_bench_press', '026787a8-b19f-464a-8456-49975a3cc5d0', (SELECT id FROM public.exercise_block WHERE user_id = '97097295-6eb1-4824-8bfa-8984cf9bea6b' AND exercise_type = 'barbell_bench_press' AND started_at = '2025-06-03 23:42:55.506000'));
    INSERT INTO public.wendler_program_cycle_movement (id, wendler_program_cycle_id, user_id, exercise_type, movement_max_id, block_id) VALUES ('2d1ed7f2-75ff-45b7-a9e9-baec77f2274b', '73520c1f-4e7a-451f-8132-41b1251bd51f', '97097295-6eb1-4824-8bfa-8984cf9bea6b', 'barbell_overhead_press', 'e96d03fb-f44f-4ce1-88b1-21b4aa26eea1', (SELECT id FROM public.exercise_block WHERE user_id = '97097295-6eb1-4824-8bfa-8984cf9bea6b' AND exercise_type = 'barbell_overhead_press' AND started_at = '2025-06-04 00:00:58.645000'));
    INSERT INTO public.wendler_program_cycle_movement (id, wendler_program_cycle_id, user_id, exercise_type, movement_max_id, block_id) VALUES ('c966cce2-6b27-4b87-a07e-58e88c3d6ebd', '73520c1f-4e7a-451f-8132-41b1251bd51f', '97097295-6eb1-4824-8bfa-8984cf9bea6b', 'barbell_deadlift', '1220b5f6-ee63-49f7-97cc-3adf9dcfde42', (SELECT id FROM public.exercise_block WHERE user_id = '97097295-6eb1-4824-8bfa-8984cf9bea6b' AND exercise_type = 'barbell_deadlift' AND started_at = '2025-06-06 23:54:14.736000'));
    INSERT INTO public.wendler_program_cycle_movement (id, wendler_program_cycle_id, user_id, exercise_type, movement_max_id, block_id) VALUES ('3120c55d-fa45-4090-a6b3-8fe2a92f221e', 'cdb5307f-ccbe-4c7c-bfa7-f49b52cfbeec', '97097295-6eb1-4824-8bfa-8984cf9bea6b', 'barbell_back_squat', '88f85730-3688-453e-8477-a89251437a30', (SELECT id FROM public.exercise_block WHERE user_id = '97097295-6eb1-4824-8bfa-8984cf9bea6b' AND exercise_type = 'barbell_back_squat' AND started_at = '2025-06-08 16:23:55.229000'));
    INSERT INTO public.wendler_program_cycle_movement (id, wendler_program_cycle_id, user_id, exercise_type, movement_max_id, block_id) VALUES ('111ef12c-2d04-4a5e-8e6c-a718721ee178', 'cdb5307f-ccbe-4c7c-bfa7-f49b52cfbeec', '97097295-6eb1-4824-8bfa-8984cf9bea6b', 'barbell_bench_press', '026787a8-b19f-464a-8456-49975a3cc5d0', (SELECT id FROM public.exercise_block WHERE user_id = '97097295-6eb1-4824-8bfa-8984cf9bea6b' AND exercise_type = 'barbell_bench_press' AND started_at = '2025-06-10 23:55:47.622000'));
    INSERT INTO public.wendler_program_cycle_movement (id, wendler_program_cycle_id, user_id, exercise_type, movement_max_id, block_id) VALUES ('c69e005e-7950-4556-b4d0-2224218f697b', 'cdb5307f-ccbe-4c7c-bfa7-f49b52cfbeec', '97097295-6eb1-4824-8bfa-8984cf9bea6b', 'barbell_overhead_press', 'e96d03fb-f44f-4ce1-88b1-21b4aa26eea1', (SELECT id FROM public.exercise_block WHERE user_id = '97097295-6eb1-4824-8bfa-8984cf9bea6b' AND exercise_type = 'barbell_overhead_press' AND started_at = '2025-06-11 00:12:56.173000'));
    INSERT INTO public.wendler_program_cycle_movement (id, wendler_program_cycle_id, user_id, exercise_type, movement_max_id, block_id) VALUES ('0a598341-4957-4fbf-a92f-ca715a7d65df', 'cdb5307f-ccbe-4c7c-bfa7-f49b52cfbeec', '97097295-6eb1-4824-8bfa-8984cf9bea6b', 'barbell_deadlift', '1220b5f6-ee63-49f7-97cc-3adf9dcfde42', (SELECT id FROM public.exercise_block WHERE user_id = '97097295-6eb1-4824-8bfa-8984cf9bea6b' AND exercise_type = 'barbell_deadlift' AND started_at = '2025-06-14 16:29:01.905000'));
    INSERT INTO public.wendler_program_cycle_movement (id, wendler_program_cycle_id, user_id, exercise_type, movement_max_id, block_id) VALUES ('d813e8bb-72d3-42eb-8899-85ea0dce0716', '97734030-72b5-400a-8455-d3f0db64eebb', '97097295-6eb1-4824-8bfa-8984cf9bea6b', 'barbell_back_squat', '88f85730-3688-453e-8477-a89251437a30', (SELECT id FROM public.exercise_block WHERE user_id = '97097295-6eb1-4824-8bfa-8984cf9bea6b' AND exercise_type = 'barbell_back_squat' AND started_at = '2025-06-15 17:27:50.719000'));
    INSERT INTO public.wendler_program_cycle_movement (id, wendler_program_cycle_id, user_id, exercise_type, movement_max_id, block_id) VALUES ('10fa581e-6c15-4f4e-aa68-341206387974', '97734030-72b5-400a-8455-d3f0db64eebb', '97097295-6eb1-4824-8bfa-8984cf9bea6b', 'barbell_bench_press', '026787a8-b19f-464a-8456-49975a3cc5d0', (SELECT id FROM public.exercise_block WHERE user_id = '97097295-6eb1-4824-8bfa-8984cf9bea6b' AND exercise_type = 'barbell_bench_press' AND started_at = '2025-06-17 23:52:53.230000'));
    INSERT INTO public.wendler_program_cycle_movement (id, wendler_program_cycle_id, user_id, exercise_type, movement_max_id, block_id) VALUES ('f5d97af2-6f54-4672-98f2-bfac7905b5b6', '97734030-72b5-400a-8455-d3f0db64eebb', '97097295-6eb1-4824-8bfa-8984cf9bea6b', 'barbell_overhead_press', 'e96d03fb-f44f-4ce1-88b1-21b4aa26eea1', (SELECT id FROM public.exercise_block WHERE user_id = '97097295-6eb1-4824-8bfa-8984cf9bea6b' AND exercise_type = 'barbell_overhead_press' AND started_at = '2025-06-18 00:09:36.731000'));
    INSERT INTO public.wendler_program_cycle_movement (id, wendler_program_cycle_id, user_id, exercise_type, movement_max_id, block_id) VALUES ('f25a147f-de5b-4de4-91ab-6c693dead084', '97734030-72b5-400a-8455-d3f0db64eebb', '97097295-6eb1-4824-8bfa-8984cf9bea6b', 'barbell_deadlift', '1220b5f6-ee63-49f7-97cc-3adf9dcfde42', (SELECT id FROM public.exercise_block WHERE user_id = '97097295-6eb1-4824-8bfa-8984cf9bea6b' AND exercise_type = 'barbell_deadlift' AND started_at = '2025-06-20 23:41:40.798000'));
    INSERT INTO public.wendler_program_cycle_movement (id, wendler_program_cycle_id, user_id, exercise_type, movement_max_id, block_id) VALUES ('33d9a450-3ecb-4e33-bab3-8e73bbae419f', '505faee7-2032-4fae-89e3-f8d71f92915f', '97097295-6eb1-4824-8bfa-8984cf9bea6b', 'barbell_back_squat', '88f85730-3688-453e-8477-a89251437a30', (SELECT id FROM public.exercise_block WHERE user_id = '97097295-6eb1-4824-8bfa-8984cf9bea6b' AND exercise_type = 'barbell_back_squat' AND started_at = '2025-06-22 16:34:10.207000'));
    INSERT INTO public.wendler_program_cycle_movement (id, wendler_program_cycle_id, user_id, exercise_type, movement_max_id, block_id) VALUES ('3b91861f-f58b-4904-8ad7-c1561ef22b1e', '505faee7-2032-4fae-89e3-f8d71f92915f', '97097295-6eb1-4824-8bfa-8984cf9bea6b', 'barbell_bench_press', '026787a8-b19f-464a-8456-49975a3cc5d0', (SELECT id FROM public.exercise_block WHERE user_id = '97097295-6eb1-4824-8bfa-8984cf9bea6b' AND exercise_type = 'barbell_bench_press' AND started_at = '2025-06-24 23:41:15.187000'));
    INSERT INTO public.wendler_program_cycle_movement (id, wendler_program_cycle_id, user_id, exercise_type, movement_max_id, block_id) VALUES ('fa77a50c-f3d1-4096-b292-813a0d461724', '505faee7-2032-4fae-89e3-f8d71f92915f', '97097295-6eb1-4824-8bfa-8984cf9bea6b', 'barbell_overhead_press', 'e96d03fb-f44f-4ce1-88b1-21b4aa26eea1', (SELECT id FROM public.exercise_block WHERE user_id = '97097295-6eb1-4824-8bfa-8984cf9bea6b' AND exercise_type = 'barbell_overhead_press' AND started_at = '2025-06-24 23:54:43.878000'));
    INSERT INTO public.wendler_program_cycle_movement (id, wendler_program_cycle_id, user_id, exercise_type, movement_max_id, block_id) VALUES ('9ead7ded-83b7-47e0-90d1-2617cca65c05', '505faee7-2032-4fae-89e3-f8d71f92915f', '97097295-6eb1-4824-8bfa-8984cf9bea6b', 'barbell_deadlift', '1220b5f6-ee63-49f7-97cc-3adf9dcfde42', (SELECT id FROM public.exercise_block WHERE user_id = '97097295-6eb1-4824-8bfa-8984cf9bea6b' AND exercise_type = 'barbell_deadlift' AND started_at = '2025-06-28 15:12:53.478000'));
    INSERT INTO public.wendler_program_cycle_movement (id, wendler_program_cycle_id, user_id, exercise_type, movement_max_id, block_id) VALUES ('7a468a4f-2502-4998-8aaa-118a2bd840b5', '3f841d04-be47-4e32-8b49-b218268d4873', '97097295-6eb1-4824-8bfa-8984cf9bea6b', 'barbell_back_squat', '857443a5-26ac-4ac3-b739-3164154054f6', (SELECT id FROM public.exercise_block WHERE user_id = '97097295-6eb1-4824-8bfa-8984cf9bea6b' AND exercise_type = 'barbell_back_squat' AND started_at = '2025-06-29 18:04:48.269000'));
    INSERT INTO public.wendler_program_cycle_movement (id, wendler_program_cycle_id, user_id, exercise_type, movement_max_id, block_id) VALUES ('5479bd94-0d90-429d-9e34-41b96b90a55c', '3f841d04-be47-4e32-8b49-b218268d4873', '97097295-6eb1-4824-8bfa-8984cf9bea6b', 'barbell_bench_press', 'a011ee70-e8c1-44c0-a303-c3bb206cf57b', (SELECT id FROM public.exercise_block WHERE user_id = '97097295-6eb1-4824-8bfa-8984cf9bea6b' AND exercise_type = 'barbell_bench_press' AND started_at = '2025-07-03 23:31:39.847000'));
    INSERT INTO public.wendler_program_cycle_movement (id, wendler_program_cycle_id, user_id, exercise_type, movement_max_id, block_id) VALUES ('8515f5f1-eb7f-4711-bb50-9f079d01fe1a', '3f841d04-be47-4e32-8b49-b218268d4873', '97097295-6eb1-4824-8bfa-8984cf9bea6b', 'barbell_overhead_press', '3aec880f-6b60-43b3-9e78-ac71be29f37c', (SELECT id FROM public.exercise_block WHERE user_id = '97097295-6eb1-4824-8bfa-8984cf9bea6b' AND exercise_type = 'barbell_overhead_press' AND started_at = '2025-07-03 23:51:40.302000'));
    INSERT INTO public.wendler_program_cycle_movement (id, wendler_program_cycle_id, user_id, exercise_type, movement_max_id, block_id) VALUES ('f105a822-7365-4022-b2be-32ebb1b76873', '3f841d04-be47-4e32-8b49-b218268d4873', '97097295-6eb1-4824-8bfa-8984cf9bea6b', 'barbell_deadlift', '0e167d3b-3bd0-48a3-ba21-920a283e9f97', (SELECT id FROM public.exercise_block WHERE user_id = '97097295-6eb1-4824-8bfa-8984cf9bea6b' AND exercise_type = 'barbell_deadlift' AND started_at = '2025-07-10 23:48:56.600000'));
    INSERT INTO public.wendler_program_cycle_movement (id, wendler_program_cycle_id, user_id, exercise_type, movement_max_id, block_id) VALUES ('1c39452b-b5e8-42a9-aed0-9b5892801eb0', '4983a842-f6ca-4830-b1fb-feed45c3919c', '97097295-6eb1-4824-8bfa-8984cf9bea6b', 'barbell_back_squat', '857443a5-26ac-4ac3-b739-3164154054f6', (SELECT id FROM public.exercise_block WHERE user_id = '97097295-6eb1-4824-8bfa-8984cf9bea6b' AND exercise_type = 'barbell_back_squat' AND started_at = '2025-07-13 23:25:34.762000'));
    INSERT INTO public.wendler_program_cycle_movement (id, wendler_program_cycle_id, user_id, exercise_type, movement_max_id, block_id) VALUES ('1c558ba9-e97f-4675-a3c6-9b4143c0ca4a', '4983a842-f6ca-4830-b1fb-feed45c3919c', '97097295-6eb1-4824-8bfa-8984cf9bea6b', 'barbell_bench_press', 'a011ee70-e8c1-44c0-a303-c3bb206cf57b', (SELECT id FROM public.exercise_block WHERE user_id = '97097295-6eb1-4824-8bfa-8984cf9bea6b' AND exercise_type = 'barbell_bench_press' AND started_at = '2025-07-15 23:45:17.397000'));
    INSERT INTO public.wendler_program_cycle_movement (id, wendler_program_cycle_id, user_id, exercise_type, movement_max_id, block_id) VALUES ('ff7ab508-6042-4ec7-bcb3-6e54be4e34fe', '4983a842-f6ca-4830-b1fb-feed45c3919c', '97097295-6eb1-4824-8bfa-8984cf9bea6b', 'barbell_overhead_press', '3aec880f-6b60-43b3-9e78-ac71be29f37c', (SELECT id FROM public.exercise_block WHERE user_id = '97097295-6eb1-4824-8bfa-8984cf9bea6b' AND exercise_type = 'barbell_overhead_press' AND started_at = '2025-07-16 00:02:41.413000'));
    INSERT INTO public.wendler_program_cycle_movement (id, wendler_program_cycle_id, user_id, exercise_type, movement_max_id, block_id) VALUES ('0f4128b2-d9b2-4d32-9045-447ebc92f52d', '4983a842-f6ca-4830-b1fb-feed45c3919c', '97097295-6eb1-4824-8bfa-8984cf9bea6b', 'barbell_deadlift', '0e167d3b-3bd0-48a3-ba21-920a283e9f97', (SELECT id FROM public.exercise_block WHERE user_id = '97097295-6eb1-4824-8bfa-8984cf9bea6b' AND exercise_type = 'barbell_deadlift' AND started_at = '2025-07-17 23:42:31.725000'));
    INSERT INTO public.wendler_program_cycle_movement (id, wendler_program_cycle_id, user_id, exercise_type, movement_max_id, block_id) VALUES ('e9e7b399-2738-4c4c-856e-02b107a622c8', 'dcf1b413-de6d-4f47-81c4-330ace45e5be', '97097295-6eb1-4824-8bfa-8984cf9bea6b', 'barbell_back_squat', '857443a5-26ac-4ac3-b739-3164154054f6', (SELECT id FROM public.exercise_block WHERE user_id = '97097295-6eb1-4824-8bfa-8984cf9bea6b' AND exercise_type = 'barbell_back_squat' AND started_at = '2025-07-20 15:48:46.545000'));
    INSERT INTO public.wendler_program_cycle_movement (id, wendler_program_cycle_id, user_id, exercise_type, movement_max_id, block_id) VALUES ('db2c09e5-2a67-45a6-aa5f-b736db1d5340', 'dcf1b413-de6d-4f47-81c4-330ace45e5be', '97097295-6eb1-4824-8bfa-8984cf9bea6b', 'barbell_bench_press', 'a011ee70-e8c1-44c0-a303-c3bb206cf57b', (SELECT id FROM public.exercise_block WHERE user_id = '97097295-6eb1-4824-8bfa-8984cf9bea6b' AND exercise_type = 'barbell_bench_press' AND started_at = '2025-07-22 23:24:15.791000'));
    INSERT INTO public.wendler_program_cycle_movement (id, wendler_program_cycle_id, user_id, exercise_type, movement_max_id, block_id) VALUES ('917acd23-c153-4d62-9bea-6a62d2003a42', 'dcf1b413-de6d-4f47-81c4-330ace45e5be', '97097295-6eb1-4824-8bfa-8984cf9bea6b', 'barbell_overhead_press', '3aec880f-6b60-43b3-9e78-ac71be29f37c', (SELECT id FROM public.exercise_block WHERE user_id = '97097295-6eb1-4824-8bfa-8984cf9bea6b' AND exercise_type = 'barbell_overhead_press' AND started_at = '2025-07-22 23:44:52.706000'));
    INSERT INTO public.wendler_program_cycle_movement (id, wendler_program_cycle_id, user_id, exercise_type, movement_max_id, block_id) VALUES ('dd41cd3f-e037-4878-b827-970468c9812f', 'dcf1b413-de6d-4f47-81c4-330ace45e5be', '97097295-6eb1-4824-8bfa-8984cf9bea6b', 'barbell_deadlift', '0e167d3b-3bd0-48a3-ba21-920a283e9f97', (SELECT id FROM public.exercise_block WHERE user_id = '97097295-6eb1-4824-8bfa-8984cf9bea6b' AND exercise_type = 'barbell_deadlift' AND started_at = '2025-07-26 00:05:07.342000'));
    INSERT INTO public.wendler_program_cycle_movement (id, wendler_program_cycle_id, user_id, exercise_type, movement_max_id, block_id) VALUES ('6323970d-49e6-4887-93ad-8593dc253cfe', '46885531-0171-4a16-94d9-e16a60d5e57a', '97097295-6eb1-4824-8bfa-8984cf9bea6b', 'barbell_back_squat', '857443a5-26ac-4ac3-b739-3164154054f6', (SELECT id FROM public.exercise_block WHERE user_id = '97097295-6eb1-4824-8bfa-8984cf9bea6b' AND exercise_type = 'barbell_back_squat' AND started_at = '2025-07-27 17:29:05.835000'));
    INSERT INTO public.wendler_program_cycle_movement (id, wendler_program_cycle_id, user_id, exercise_type, movement_max_id, block_id) VALUES ('270f95aa-1433-4fd2-8db2-548b2413df93', '46885531-0171-4a16-94d9-e16a60d5e57a', '97097295-6eb1-4824-8bfa-8984cf9bea6b', 'barbell_overhead_press', '3aec880f-6b60-43b3-9e78-ac71be29f37c', (SELECT id FROM public.exercise_block WHERE user_id = '97097295-6eb1-4824-8bfa-8984cf9bea6b' AND exercise_type = 'barbell_overhead_press' AND started_at = '2025-07-29 23:49:45.272000'));
    INSERT INTO public.wendler_program_cycle_movement (id, wendler_program_cycle_id, user_id, exercise_type, movement_max_id, block_id) VALUES ('0a2bc24b-c533-4b97-b0fc-7b1c14187d44', '46885531-0171-4a16-94d9-e16a60d5e57a', '97097295-6eb1-4824-8bfa-8984cf9bea6b', 'barbell_bench_press', 'a011ee70-e8c1-44c0-a303-c3bb206cf57b', (SELECT id FROM public.exercise_block WHERE user_id = '97097295-6eb1-4824-8bfa-8984cf9bea6b' AND exercise_type = 'barbell_bench_press' AND started_at = '2025-07-30 00:05:55.542000'));
END;
$$ LANGUAGE plpgsql;
